[{"model": "admin.logentry", "pk": 1, "fields": {"action_time": "2021-04-28T12:32:40.189Z", "user": 1, "content_type": 7, "object_id": "1", "object_repr": "leesburgerkitchen.example.com", "action_flag": 2, "change_message": "[{\"changed\": {\"fields\": [\"Domain name\", \"Display name\"]}}]"}}, {"model": "admin.logentry", "pk": 2, "fields": {"action_time": "2021-04-28T12:36:41.532Z", "user": 1, "content_type": 8, "object_id": "1", "object_repr": "leeap83@gmail.com", "action_flag": 2, "change_message": "[{\"changed\": {\"fields\": [\"Verified\", \"Primary\"]}}]"}}, {"model": "admin.logentry", "pk": 3, "fields": {"action_time": "2021-04-28T13:56:17.028Z", "user": 1, "content_type": 13, "object_id": "1", "object_repr": "bites", "action_flag": 1, "change_message": "[{\"added\": {}}]"}}, {"model": "admin.logentry", "pk": 4, "fields": {"action_time": "2021-04-28T13:56:27.764Z", "user": 1, "content_type": 13, "object_id": "2", "object_repr": "beef_burgers", "action_flag": 1, "change_message": "[{\"added\": {}}]"}}, {"model": "admin.logentry", "pk": 5, "fields": {"action_time": "2021-04-28T13:56:38.091Z", "user": 1, "content_type": 13, "object_id": "3", "object_repr": "chicken_burgers", "action_flag": 1, "change_message": "[{\"added\": {}}]"}}, {"model": "admin.logentry", "pk": 6, "fields": {"action_time": "2021-04-28T13:56:45.532Z", "user": 1, "content_type": 13, "object_id": "4", "object_repr": "vegetarian_burgers", "action_flag": 1, "change_message": "[{\"added\": {}}]"}}, {"model": "admin.logentry", "pk": 7, "fields": {"action_time": "2021-04-28T13:56:55.116Z", "user": 1, "content_type": 13, "object_id": "5", "object_repr": "fries_sides", "action_flag": 1, "change_message": "[{\"added\": {}}]"}}, {"model": "admin.logentry", "pk": 8, "fields": {"action_time": "2021-04-28T13:57:03.441Z", "user": 1, "content_type": 13, "object_id": "6", "object_repr": "sauces", "action_flag": 1, "change_message": "[{\"added\": {}}]"}}, {"model": "admin.logentry", "pk": 9, "fields": {"action_time": "2021-04-28T14:09:37.119Z", "user": 1, "content_type": 14, "object_id": "1", "object_repr": "Chicken", "action_flag": 1, "change_message": "[{\"added\": {}}]"}}, {"model": "admin.logentry", "pk": 10, "fields": {"action_time": "2021-04-28T14:10:26.393Z", "user": 1, "content_type": 15, "object_id": "1", "object_repr": "Chicken Strips", "action_flag": 1, "change_message": "[{\"added\": {}}]"}}, {"model": "admin.logentry", "pk": 11, "fields": {"action_time": "2021-04-28T14:10:46.665Z", "user": 1, "content_type": 14, "object_id": "2", "object_repr": "Chicken", "action_flag": 1, "change_message": "[{\"added\": {}}]"}}, {"model": "admin.logentry", "pk": 12, "fields": {"action_time": "2021-04-28T14:10:54.886Z", "user": 1, "content_type": 14, "object_id": "1", "object_repr": "Chicken", "action_flag": 3, "change_message": ""}}, {"model": "admin.logentry", "pk": 13, "fields": {"action_time": "2021-04-28T14:11:09.504Z", "user": 1, "content_type": 14, "object_id": "3", "object_repr": "Beef", "action_flag": 1, "change_message": "[{\"added\": {}}]"}}, {"model": "admin.logentry", "pk": 14, "fields": {"action_time": "2021-04-28T14:11:23.737Z", "user": 1, "content_type": 14, "object_id": "4", "object_repr": "Beetroot", "action_flag": 1, "change_message": "[{\"added\": {}}]"}}, {"model": "admin.logentry", "pk": 15, "fields": {"action_time": "2021-04-28T14:11:43.072Z", "user": 1, "content_type": 14, "object_id": "5", "object_repr": "Tomato", "action_flag": 1, "change_message": "[{\"added\": {}}]"}}, {"model": "admin.logentry", "pk": 16, "fields": {"action_time": "2021-04-28T14:11:48.453Z", "user": 1, "content_type": 14, "object_id": "6", "object_repr": "Lettuce", "action_flag": 1, "change_message": "[{\"added\": {}}]"}}, {"model": "admin.logentry", "pk": 17, "fields": {"action_time": "2021-04-28T14:11:58.824Z", "user": 1, "content_type": 14, "object_id": "7", "object_repr": "Cheese", "action_flag": 1, "change_message": "[{\"added\": {}}]"}}, {"model": "admin.logentry", "pk": 18, "fields": {"action_time": "2021-04-28T14:12:17.755Z", "user": 1, "content_type": 14, "object_id": "8", "object_repr": "Gherkins", "action_flag": 1, "change_message": "[{\"added\": {}}]"}}, {"model": "admin.logentry", "pk": 19, "fields": {"action_time": "2021-04-28T14:12:34.248Z", "user": 1, "content_type": 14, "object_id": "9", "object_repr": "Blue Cheese", "action_flag": 1, "change_message": "[{\"added\": {}}]"}}, {"model": "admin.logentry", "pk": 20, "fields": {"action_time": "2021-04-28T14:12:40.118Z", "user": 1, "content_type": 14, "object_id": "10", "object_repr": "Onions", "action_flag": 1, "change_message": "[{\"added\": {}}]"}}, {"model": "admin.logentry", "pk": 21, "fields": {"action_time": "2021-04-28T14:12:49.532Z", "user": 1, "content_type": 14, "object_id": "11", "object_repr": "Crispy Onions", "action_flag": 1, "change_message": "[{\"added\": {}}]"}}, {"model": "admin.logentry", "pk": 22, "fields": {"action_time": "2021-04-28T14:13:17.327Z", "user": 1, "content_type": 14, "object_id": "12", "object_repr": "Halloumi Cheese", "action_flag": 1, "change_message": "[{\"added\": {}}]"}}, {"model": "admin.logentry", "pk": 23, "fields": {"action_time": "2021-04-28T14:13:28.473Z", "user": 1, "content_type": 14, "object_id": "13", "object_repr": "Prawns", "action_flag": 1, "change_message": "[{\"added\": {}}]"}}, {"model": "admin.logentry", "pk": 24, "fields": {"action_time": "2021-04-28T14:13:37.842Z", "user": 1, "content_type": 14, "object_id": "14", "object_repr": "Belly Pork", "action_flag": 1, "change_message": "[{\"added\": {}}]"}}, {"model": "admin.logentry", "pk": 25, "fields": {"action_time": "2021-04-28T14:13:46.954Z", "user": 1, "content_type": 14, "object_id": "15", "object_repr": "Cucumber", "action_flag": 1, "change_message": "[{\"added\": {}}]"}}, {"model": "admin.logentry", "pk": 26, "fields": {"action_time": "2021-04-28T14:13:56.642Z", "user": 1, "content_type": 14, "object_id": "16", "object_repr": "Salsa", "action_flag": 1, "change_message": "[{\"added\": {}}]"}}, {"model": "admin.logentry", "pk": 27, "fields": {"action_time": "2021-04-28T14:14:22.469Z", "user": 1, "content_type": 14, "object_id": "17", "object_repr": "Tortilla Chips", "action_flag": 1, "change_message": "[{\"added\": {}}]"}}, {"model": "admin.logentry", "pk": 28, "fields": {"action_time": "2021-04-28T14:14:28.590Z", "user": 1, "content_type": 14, "object_id": "18", "object_repr": "Sour Cream", "action_flag": 1, "change_message": "[{\"added\": {}}]"}}, {"model": "admin.logentry", "pk": 29, "fields": {"action_time": "2021-04-28T14:14:35.960Z", "user": 1, "content_type": 14, "object_id": "19", "object_repr": "Guacamole", "action_flag": 1, "change_message": "[{\"added\": {}}]"}}, {"model": "admin.logentry", "pk": 30, "fields": {"action_time": "2021-04-28T14:15:48.289Z", "user": 1, "content_type": 14, "object_id": "20", "object_repr": "Chickpeas", "action_flag": 1, "change_message": "[{\"added\": {}}]"}}, {"model": "admin.logentry", "pk": 31, "fields": {"action_time": "2021-04-28T14:15:54.903Z", "user": 1, "content_type": 14, "object_id": "21", "object_repr": "Garlic", "action_flag": 1, "change_message": "[{\"added\": {}}]"}}, {"model": "admin.logentry", "pk": 32, "fields": {"action_time": "2021-04-28T14:16:08.232Z", "user": 1, "content_type": 14, "object_id": "22", "object_repr": "Hot Dogs", "action_flag": 1, "change_message": "[{\"added\": {}}]"}}, {"model": "admin.logentry", "pk": 33, "fields": {"action_time": "2021-04-28T14:16:28.369Z", "user": 1, "content_type": 14, "object_id": "23", "object_repr": "Bacon", "action_flag": 1, "change_message": "[{\"added\": {}}]"}}, {"model": "admin.logentry", "pk": 34, "fields": {"action_time": "2021-04-28T14:17:12.697Z", "user": 1, "content_type": 14, "object_id": "24", "object_repr": "Peanut Butter", "action_flag": 1, "change_message": "[{\"added\": {}}]"}}, {"model": "admin.logentry", "pk": 35, "fields": {"action_time": "2021-04-28T14:17:37.117Z", "user": 1, "content_type": 14, "object_id": "25", "object_repr": "Black pepper Jam", "action_flag": 1, "change_message": "[{\"added\": {}}]"}}, {"model": "admin.logentry", "pk": 36, "fields": {"action_time": "2021-04-28T14:18:05.151Z", "user": 1, "content_type": 14, "object_id": "26", "object_repr": "Caramelised Onions", "action_flag": 1, "change_message": "[{\"added\": {}}]"}}, {"model": "admin.logentry", "pk": 37, "fields": {"action_time": "2021-04-28T14:18:13.175Z", "user": 1, "content_type": 14, "object_id": "27", "object_repr": "Mushrooms", "action_flag": 1, "change_message": "[{\"added\": {}}]"}}, {"model": "admin.logentry", "pk": 38, "fields": {"action_time": "2021-04-28T14:18:38.166Z", "user": 1, "content_type": 14, "object_id": "28", "object_repr": "Basil Pesto", "action_flag": 1, "change_message": "[{\"added\": {}}]"}}, {"model": "admin.logentry", "pk": 39, "fields": {"action_time": "2021-04-28T14:18:54.983Z", "user": 1, "content_type": 14, "object_id": "29", "object_repr": "Mozzarella", "action_flag": 1, "change_message": "[{\"added\": {}}]"}}, {"model": "admin.logentry", "pk": 40, "fields": {"action_time": "2021-04-28T14:19:22.523Z", "user": 1, "content_type": 14, "object_id": "30", "object_repr": "Coleslaw", "action_flag": 1, "change_message": "[{\"added\": {}}]"}}, {"model": "admin.logentry", "pk": 41, "fields": {"action_time": "2021-04-28T14:19:57.257Z", "user": 1, "content_type": 14, "object_id": "31", "object_repr": "Katsu Curry Sauce", "action_flag": 1, "change_message": "[{\"added\": {}}]"}}, {"model": "admin.logentry", "pk": 42, "fields": {"action_time": "2021-04-28T14:20:10.454Z", "user": 1, "content_type": 14, "object_id": "32", "object_repr": "Grilled Chicken Breast", "action_flag": 1, "change_message": "[{\"added\": {}}]"}}, {"model": "admin.logentry", "pk": 43, "fields": {"action_time": "2021-04-28T14:21:53.721Z", "user": 1, "content_type": 14, "object_id": "33", "object_repr": "Chicken Breast in Breadcrumbs", "action_flag": 1, "change_message": "[{\"added\": {}}]"}}, {"model": "admin.logentry", "pk": 44, "fields": {"action_time": "2021-04-28T14:22:21.711Z", "user": 1, "content_type": 14, "object_id": "34", "object_repr": "Chilli", "action_flag": 1, "change_message": "[{\"added\": {}}]"}}, {"model": "admin.logentry", "pk": 45, "fields": {"action_time": "2021-04-28T14:22:35.470Z", "user": 1, "content_type": 14, "object_id": "35", "object_repr": "Sweet Potato", "action_flag": 1, "change_message": "[{\"added\": {}}]"}}, {"model": "admin.logentry", "pk": 46, "fields": {"action_time": "2021-04-28T14:23:09.951Z", "user": 1, "content_type": 14, "object_id": "36", "object_repr": "Quinoa", "action_flag": 1, "change_message": "[{\"added\": {}}]"}}, {"model": "admin.logentry", "pk": 47, "fields": {"action_time": "2021-04-28T14:23:19.691Z", "user": 1, "content_type": 14, "object_id": "37", "object_repr": "Potato", "action_flag": 1, "change_message": "[{\"added\": {}}]"}}, {"model": "admin.logentry", "pk": 48, "fields": {"action_time": "2021-04-28T14:23:46.263Z", "user": 1, "content_type": 14, "object_id": "38", "object_repr": "Sriracha Sauce", "action_flag": 1, "change_message": "[{\"added\": {}}]"}}, {"model": "admin.logentry", "pk": 49, "fields": {"action_time": "2021-04-28T14:24:05.537Z", "user": 1, "content_type": 14, "object_id": "39", "object_repr": "Jalapenos", "action_flag": 1, "change_message": "[{\"added\": {}}]"}}, {"model": "admin.logentry", "pk": 50, "fields": {"action_time": "2021-04-28T14:24:10.778Z", "user": 1, "content_type": 14, "object_id": "40", "object_repr": "Hummus", "action_flag": 1, "change_message": "[{\"added\": {}}]"}}, {"model": "admin.logentry", "pk": 51, "fields": {"action_time": "2021-04-28T14:24:25.271Z", "user": 1, "content_type": 14, "object_id": "41", "object_repr": "Raita Sauce", "action_flag": 1, "change_message": "[{\"added\": {}}]"}}, {"model": "admin.logentry", "pk": 52, "fields": {"action_time": "2021-04-28T14:24:31.141Z", "user": 1, "content_type": 14, "object_id": "42", "object_repr": "Rocket", "action_flag": 1, "change_message": "[{\"added\": {}}]"}}, {"model": "admin.logentry", "pk": 53, "fields": {"action_time": "2021-04-28T14:25:03.025Z", "user": 1, "content_type": 14, "object_id": "43", "object_repr": "Avocado", "action_flag": 1, "change_message": "[{\"added\": {}}]"}}, {"model": "admin.logentry", "pk": 54, "fields": {"action_time": "2021-04-28T14:25:28.189Z", "user": 1, "content_type": 14, "object_id": "44", "object_repr": "Parmesan Cheese", "action_flag": 1, "change_message": "[{\"added\": {}}]"}}, {"model": "admin.logentry", "pk": 55, "fields": {"action_time": "2021-04-28T14:25:52.803Z", "user": 1, "content_type": 14, "object_id": "45", "object_repr": "Truffle Seasoning", "action_flag": 1, "change_message": "[{\"added\": {}}]"}}, {"model": "admin.logentry", "pk": 56, "fields": {"action_time": "2021-04-28T14:26:09.614Z", "user": 1, "content_type": 14, "object_id": "46", "object_repr": "Red Cabbage", "action_flag": 1, "change_message": "[{\"added\": {}}]"}}, {"model": "admin.logentry", "pk": 57, "fields": {"action_time": "2021-04-28T14:26:20.835Z", "user": 1, "content_type": 14, "object_id": "47", "object_repr": "Shredded Carrots", "action_flag": 1, "change_message": "[{\"added\": {}}]"}}, {"model": "admin.logentry", "pk": 58, "fields": {"action_time": "2021-04-28T14:26:35.271Z", "user": 1, "content_type": 14, "object_id": "48", "object_repr": "Diced Onions", "action_flag": 1, "change_message": "[{\"added\": {}}]"}}, {"model": "admin.logentry", "pk": 59, "fields": {"action_time": "2021-04-28T14:26:44.691Z", "user": 1, "content_type": 14, "object_id": "49", "object_repr": "Mayonnaise", "action_flag": 1, "change_message": "[{\"added\": {}}]"}}, {"model": "admin.logentry", "pk": 60, "fields": {"action_time": "2021-04-28T14:26:53.491Z", "user": 1, "content_type": 14, "object_id": "50", "object_repr": "Lemon Juice", "action_flag": 1, "change_message": "[{\"added\": {}}]"}}, {"model": "admin.logentry", "pk": 61, "fields": {"action_time": "2021-04-28T14:27:04.470Z", "user": 1, "content_type": 14, "object_id": "51", "object_repr": "Vinegar", "action_flag": 1, "change_message": "[{\"added\": {}}]"}}, {"model": "admin.logentry", "pk": 62, "fields": {"action_time": "2021-04-28T14:27:12.863Z", "user": 1, "content_type": 14, "object_id": "52", "object_repr": "Mustard", "action_flag": 1, "change_message": "[{\"added\": {}}]"}}, {"model": "admin.logentry", "pk": 63, "fields": {"action_time": "2021-04-28T14:28:16.168Z", "user": 1, "content_type": 14, "object_id": "53", "object_repr": "Macaroni Pasta", "action_flag": 1, "change_message": "[{\"added\": {}}]"}}, {"model": "admin.logentry", "pk": 64, "fields": {"action_time": "2021-04-28T14:28:27.108Z", "user": 1, "content_type": 14, "object_id": "54", "object_repr": "Milk", "action_flag": 1, "change_message": "[{\"added\": {}}]"}}, {"model": "admin.logentry", "pk": 65, "fields": {"action_time": "2021-04-28T14:28:45.469Z", "user": 1, "content_type": 14, "object_id": "55", "object_repr": "Flour", "action_flag": 1, "change_message": "[{\"added\": {}}]"}}, {"model": "admin.logentry", "pk": 66, "fields": {"action_time": "2021-04-28T14:29:06.868Z", "user": 1, "content_type": 14, "object_id": "56", "object_repr": "Secret Herbs & Spices", "action_flag": 1, "change_message": "[{\"added\": {}}]"}}, {"model": "admin.logentry", "pk": 67, "fields": {"action_time": "2021-04-28T14:29:28.506Z", "user": 1, "content_type": 14, "object_id": "57", "object_repr": "Sweetcorn", "action_flag": 1, "change_message": "[{\"added\": {}}]"}}, {"model": "admin.logentry", "pk": 68, "fields": {"action_time": "2021-04-28T14:29:59.055Z", "user": 1, "content_type": 14, "object_id": "58", "object_repr": "BBQ Sauce", "action_flag": 1, "change_message": "[{\"added\": {}}]"}}, {"model": "admin.logentry", "pk": 69, "fields": {"action_time": "2021-04-28T14:30:12.464Z", "user": 1, "content_type": 14, "object_id": "59", "object_repr": "Chipotle Mayo", "action_flag": 1, "change_message": "[{\"added\": {}}]"}}, {"model": "admin.logentry", "pk": 70, "fields": {"action_time": "2021-04-28T14:30:16.228Z", "user": 1, "content_type": 14, "object_id": "60", "object_repr": "Baconaise", "action_flag": 1, "change_message": "[{\"added\": {}}]"}}, {"model": "admin.logentry", "pk": 71, "fields": {"action_time": "2021-04-28T14:30:20.841Z", "user": 1, "content_type": 14, "object_id": "61", "object_repr": "Burger Sauce", "action_flag": 1, "change_message": "[{\"added\": {}}]"}}, {"model": "admin.logentry", "pk": 72, "fields": {"action_time": "2021-04-28T14:30:28.480Z", "user": 1, "content_type": 14, "object_id": "62", "object_repr": "Garlic Mayo", "action_flag": 1, "change_message": "[{\"added\": {}}]"}}, {"model": "admin.logentry", "pk": 73, "fields": {"action_time": "2021-04-28T14:30:33.612Z", "user": 1, "content_type": 14, "object_id": "63", "object_repr": "Hot Habanero Jam", "action_flag": 1, "change_message": "[{\"added\": {}}]"}}, {"model": "admin.logentry", "pk": 74, "fields": {"action_time": "2021-04-28T14:30:39.906Z", "user": 1, "content_type": 14, "object_id": "64", "object_repr": "Raita Sauce", "action_flag": 1, "change_message": "[{\"added\": {}}]"}}, {"model": "admin.logentry", "pk": 75, "fields": {"action_time": "2021-04-28T14:30:44.490Z", "user": 1, "content_type": 14, "object_id": "65", "object_repr": "Satay", "action_flag": 1, "change_message": "[{\"added\": {}}]"}}, {"model": "admin.logentry", "pk": 76, "fields": {"action_time": "2021-04-28T14:30:52.920Z", "user": 1, "content_type": 14, "object_id": "66", "object_repr": "Sweet Chilli Sauce", "action_flag": 1, "change_message": "[{\"added\": {}}]"}}, {"model": "admin.logentry", "pk": 77, "fields": {"action_time": "2021-04-28T14:31:01.056Z", "user": 1, "content_type": 14, "object_id": "67", "object_repr": "Tomato Ketchup", "action_flag": 1, "change_message": "[{\"added\": {}}]"}}, {"model": "admin.logentry", "pk": 78, "fields": {"action_time": "2021-04-28T14:32:57.638Z", "user": 1, "content_type": 15, "object_id": "2", "object_repr": "Corn Dogs", "action_flag": 1, "change_message": "[{\"added\": {}}]"}}, {"model": "admin.logentry", "pk": 79, "fields": {"action_time": "2021-04-28T14:34:17.727Z", "user": 1, "content_type": 15, "object_id": "3", "object_repr": "Crispy Prawns", "action_flag": 1, "change_message": "[{\"added\": {}}]"}}, {"model": "admin.logentry", "pk": 80, "fields": {"action_time": "2021-04-28T14:35:45.544Z", "user": 1, "content_type": 15, "object_id": "4", "object_repr": "Halloumi Bites", "action_flag": 1, "change_message": "[{\"added\": {}}]"}}, {"model": "admin.logentry", "pk": 81, "fields": {"action_time": "2021-04-28T14:36:43.529Z", "user": 1, "content_type": 15, "object_id": "5", "object_repr": "Piggy Bites", "action_flag": 1, "change_message": "[{\"added\": {}}]"}}, {"model": "admin.logentry", "pk": 82, "fields": {"action_time": "2021-04-28T14:38:01.748Z", "user": 1, "content_type": 15, "object_id": "6", "object_repr": "Popcorn Chicken", "action_flag": 1, "change_message": "[{\"added\": {}}]"}}, {"model": "admin.logentry", "pk": 83, "fields": {"action_time": "2021-04-28T14:39:22.543Z", "user": 1, "content_type": 15, "object_id": "7", "object_repr": "Spiced Falafels", "action_flag": 1, "change_message": "[{\"added\": {}}]"}}, {"model": "admin.logentry", "pk": 84, "fields": {"action_time": "2021-04-28T14:40:35.724Z", "user": 1, "content_type": 15, "object_id": "8", "object_repr": "Topped Nachos", "action_flag": 1, "change_message": "[{\"added\": {}}]"}}, {"model": "admin.logentry", "pk": 85, "fields": {"action_time": "2021-04-28T14:42:11.923Z", "user": 1, "content_type": 15, "object_id": "9", "object_repr": "Classic Beef", "action_flag": 1, "change_message": "[{\"added\": {}}]"}}, {"model": "admin.logentry", "pk": 86, "fields": {"action_time": "2021-04-28T14:44:01.416Z", "user": 1, "content_type": 15, "object_id": "10", "object_repr": "Classic Cheese & Bacon", "action_flag": 1, "change_message": "[{\"added\": {}}]"}}, {"model": "admin.logentry", "pk": 87, "fields": {"action_time": "2021-04-28T14:45:22.014Z", "user": 1, "content_type": 15, "object_id": "11", "object_repr": "PB & J", "action_flag": 1, "change_message": "[{\"added\": {}}]"}}, {"model": "admin.logentry", "pk": 88, "fields": {"action_time": "2021-04-28T14:47:47.637Z", "user": 1, "content_type": 15, "object_id": "12", "object_repr": "The Boy Blue", "action_flag": 1, "change_message": "[{\"added\": {}}]"}}, {"model": "admin.logentry", "pk": 89, "fields": {"action_time": "2021-04-28T14:54:07.291Z", "user": 1, "content_type": 15, "object_id": "13", "object_repr": "Chicken Pastrella", "action_flag": 1, "change_message": "[{\"added\": {}}]"}}, {"model": "admin.logentry", "pk": 90, "fields": {"action_time": "2021-04-28T14:55:40.008Z", "user": 1, "content_type": 15, "object_id": "14", "object_repr": "Classic Chicken", "action_flag": 1, "change_message": "[{\"added\": {}}]"}}, {"model": "admin.logentry", "pk": 91, "fields": {"action_time": "2021-04-28T14:57:56.969Z", "user": 1, "content_type": 15, "object_id": "15", "object_repr": "Katsu Chicken", "action_flag": 1, "change_message": "[{\"added\": {}}]"}}, {"model": "admin.logentry", "pk": 92, "fields": {"action_time": "2021-04-28T14:59:35.062Z", "user": 1, "content_type": 15, "object_id": "16", "object_repr": "California Dreaming", "action_flag": 1, "change_message": "[{\"added\": {}}]"}}, {"model": "admin.logentry", "pk": 93, "fields": {"action_time": "2021-04-28T15:01:43.526Z", "user": 1, "content_type": 15, "object_id": "17", "object_repr": "Falafel Burger", "action_flag": 1, "change_message": "[{\"added\": {}}]"}}, {"model": "admin.logentry", "pk": 94, "fields": {"action_time": "2021-04-28T15:03:37.094Z", "user": 1, "content_type": 15, "object_id": "18", "object_repr": "Sweet Cheeks", "action_flag": 1, "change_message": "[{\"added\": {}}]"}}, {"model": "admin.logentry", "pk": 95, "fields": {"action_time": "2021-04-28T15:04:57.798Z", "user": 1, "content_type": 15, "object_id": "19", "object_repr": "Cheesy Truffle Fries", "action_flag": 1, "change_message": "[{\"added\": {}}]"}}, {"model": "admin.logentry", "pk": 96, "fields": {"action_time": "2021-04-28T15:06:08.446Z", "user": 1, "content_type": 15, "object_id": "20", "object_repr": "Coleslaw", "action_flag": 1, "change_message": "[{\"added\": {}}]"}}, {"model": "admin.logentry", "pk": 97, "fields": {"action_time": "2021-04-28T15:07:19.973Z", "user": 1, "content_type": 15, "object_id": "21", "object_repr": "Mac 'n' Cheese", "action_flag": 1, "change_message": "[{\"added\": {}}]"}}, {"model": "admin.logentry", "pk": 98, "fields": {"action_time": "2021-04-28T15:08:06.830Z", "user": 1, "content_type": 15, "object_id": "22", "object_repr": "Onion Rings", "action_flag": 1, "change_message": "[{\"added\": {}}]"}}, {"model": "admin.logentry", "pk": 99, "fields": {"action_time": "2021-04-28T15:09:06.163Z", "user": 1, "content_type": 15, "object_id": "23", "object_repr": "Pot of Gold", "action_flag": 1, "change_message": "[{\"added\": {}}]"}}, {"model": "admin.logentry", "pk": 100, "fields": {"action_time": "2021-04-28T15:10:26.621Z", "user": 1, "content_type": 15, "object_id": "24", "object_repr": "Simple Green Salad", "action_flag": 1, "change_message": "[{\"added\": {}}]"}}, {"model": "admin.logentry", "pk": 101, "fields": {"action_time": "2021-04-28T15:11:13.197Z", "user": 1, "content_type": 15, "object_id": "25", "object_repr": "Sweet Potato Fries", "action_flag": 1, "change_message": "[{\"added\": {}}]"}}, {"model": "admin.logentry", "pk": 102, "fields": {"action_time": "2021-04-28T15:12:20.477Z", "user": 1, "content_type": 15, "object_id": "26", "object_repr": "Skinny fries", "action_flag": 1, "change_message": "[{\"added\": {}}]"}}, {"model": "admin.logentry", "pk": 103, "fields": {"action_time": "2021-04-28T15:13:55.971Z", "user": 1, "content_type": 15, "object_id": "27", "object_repr": "BBQ Sauce", "action_flag": 1, "change_message": "[{\"added\": {}}]"}}, {"model": "admin.logentry", "pk": 104, "fields": {"action_time": "2021-04-28T15:14:55.175Z", "user": 1, "content_type": 15, "object_id": "28", "object_repr": "Baconaise", "action_flag": 1, "change_message": "[{\"added\": {}}]"}}, {"model": "admin.logentry", "pk": 105, "fields": {"action_time": "2021-04-28T15:16:06.394Z", "user": 1, "content_type": 15, "object_id": "29", "object_repr": "Burger Sauce", "action_flag": 1, "change_message": "[{\"added\": {}}]"}}, {"model": "admin.logentry", "pk": 106, "fields": {"action_time": "2021-04-28T15:17:46.424Z", "user": 1, "content_type": 15, "object_id": "30", "object_repr": "Chipotle Mayo", "action_flag": 1, "change_message": "[{\"added\": {}}]"}}, {"model": "admin.logentry", "pk": 107, "fields": {"action_time": "2021-04-28T15:21:41.250Z", "user": 1, "content_type": 15, "object_id": "31", "object_repr": "Garlic Mayo", "action_flag": 1, "change_message": "[{\"added\": {}}]"}}, {"model": "admin.logentry", "pk": 108, "fields": {"action_time": "2021-04-28T15:24:23.775Z", "user": 1, "content_type": 15, "object_id": "32", "object_repr": "Hot Habanero Jam", "action_flag": 1, "change_message": "[{\"added\": {}}]"}}, {"model": "admin.logentry", "pk": 109, "fields": {"action_time": "2021-04-28T15:25:12.197Z", "user": 1, "content_type": 15, "object_id": "33", "object_repr": "Raita Sauce", "action_flag": 1, "change_message": "[{\"added\": {}}]"}}, {"model": "admin.logentry", "pk": 110, "fields": {"action_time": "2021-04-28T15:26:54.207Z", "user": 1, "content_type": 15, "object_id": "34", "object_repr": "Satay", "action_flag": 1, "change_message": "[{\"added\": {}}]"}}, {"model": "admin.logentry", "pk": 111, "fields": {"action_time": "2021-04-28T15:27:58.171Z", "user": 1, "content_type": 15, "object_id": "35", "object_repr": "Sweet Chilli Sauce", "action_flag": 1, "change_message": "[{\"added\": {}}]"}}, {"model": "admin.logentry", "pk": 112, "fields": {"action_time": "2021-04-28T15:29:08.345Z", "user": 1, "content_type": 15, "object_id": "36", "object_repr": "Tomato Ketchup", "action_flag": 1, "change_message": "[{\"added\": {}}]"}}, {"model": "admin.logentry", "pk": 113, "fields": {"action_time": "2021-04-28T15:29:27.891Z", "user": 1, "content_type": 15, "object_id": "18", "object_repr": "Sweet Cheeks", "action_flag": 2, "change_message": "[{\"changed\": {\"fields\": [\"Vegetarian\"]}}]"}}, {"model": "admin.logentry", "pk": 114, "fields": {"action_time": "2021-04-28T15:29:51.154Z", "user": 1, "content_type": 15, "object_id": "17", "object_repr": "Falafel Burger", "action_flag": 2, "change_message": "[{\"changed\": {\"fields\": [\"Vegetarian\"]}}]"}}, {"model": "admin.logentry", "pk": 115, "fields": {"action_time": "2021-04-28T15:29:59.935Z", "user": 1, "content_type": 15, "object_id": "16", "object_repr": "California Dreaming", "action_flag": 2, "change_message": "[{\"changed\": {\"fields\": [\"Vegetarian\"]}}]"}}, {"model": "admin.logentry", "pk": 116, "fields": {"action_time": "2021-04-28T15:30:07.921Z", "user": 1, "content_type": 15, "object_id": "12", "object_repr": "The Boy Blue", "action_flag": 2, "change_message": "[{\"changed\": {\"fields\": [\"Category\"]}}]"}}, {"model": "admin.logentry", "pk": 117, "fields": {"action_time": "2021-04-28T15:30:24.696Z", "user": 1, "content_type": 14, "object_id": "68", "object_repr": "Spinach", "action_flag": 1, "change_message": "[{\"added\": {}}]"}}, {"model": "admin.logentry", "pk": 118, "fields": {"action_time": "2021-04-28T15:30:42.751Z", "user": 1, "content_type": 14, "object_id": "69", "object_repr": "Brioche Bun", "action_flag": 1, "change_message": "[{\"added\": {}}]"}}, {"model": "admin.logentry", "pk": 119, "fields": {"action_time": "2021-04-28T15:30:51.635Z", "user": 1, "content_type": 14, "object_id": "70", "object_repr": "Gluten Free Bun", "action_flag": 1, "change_message": "[{\"added\": {}}]"}}, {"model": "admin.logentry", "pk": 120, "fields": {"action_time": "2021-04-28T15:31:05.834Z", "user": 1, "content_type": 14, "object_id": "71", "object_repr": "Seeded Bun", "action_flag": 1, "change_message": "[{\"added\": {}}]"}}, {"model": "admin.logentry", "pk": 121, "fields": {"action_time": "2021-04-28T16:10:54.723Z", "user": 1, "content_type": 15, "object_id": "1", "object_repr": "Chicken Strips", "action_flag": 2, "change_message": "[{\"changed\": {\"fields\": [\"Ingredients\"]}}]"}}, {"model": "admin.logentry", "pk": 122, "fields": {"action_time": "2021-04-28T16:11:29.772Z", "user": 1, "content_type": 15, "object_id": "2", "object_repr": "Corn Dogs", "action_flag": 2, "change_message": "[{\"changed\": {\"fields\": [\"Category\", \"Image\"]}}]"}}, {"model": "admin.logentry", "pk": 123, "fields": {"action_time": "2021-04-28T16:18:05.076Z", "user": 1, "content_type": 15, "object_id": "37", "object_repr": "The Red Bus", "action_flag": 1, "change_message": "[{\"added\": {}}]"}}, {"model": "admin.logentry", "pk": 124, "fields": {"action_time": "2021-04-28T16:19:36.720Z", "user": 1, "content_type": 15, "object_id": "1", "object_repr": "Chicken Strips", "action_flag": 2, "change_message": "[{\"changed\": {\"fields\": [\"Image\"]}}]"}}, {"model": "admin.logentry", "pk": 125, "fields": {"action_time": "2021-04-29T08:27:03.611Z", "user": 1, "content_type": 15, "object_id": "1", "object_repr": "Chicken Strips", "action_flag": 2, "change_message": "[{\"changed\": {\"fields\": [\"Ingredients\"]}}]"}}, {"model": "admin.logentry", "pk": 126, "fields": {"action_time": "2021-04-29T09:06:58.198Z", "user": 1, "content_type": 15, "object_id": "1", "object_repr": "Chicken Strips", "action_flag": 2, "change_message": "[]"}}, {"model": "admin.logentry", "pk": 127, "fields": {"action_time": "2021-05-06T08:39:37.428Z", "user": 1, "content_type": 14, "object_id": "71", "object_repr": "Seeded Bun", "action_flag": 2, "change_message": "[{\"changed\": {\"fields\": [\"Cat\"]}}]"}}, {"model": "admin.logentry", "pk": 128, "fields": {"action_time": "2021-05-06T08:39:44.529Z", "user": 1, "content_type": 14, "object_id": "70", "object_repr": "Gluten Free Bun", "action_flag": 2, "change_message": "[{\"changed\": {\"fields\": [\"Cat\"]}}]"}}, {"model": "admin.logentry", "pk": 129, "fields": {"action_time": "2021-05-06T08:39:53.260Z", "user": 1, "content_type": 14, "object_id": "69", "object_repr": "Brioche Bun", "action_flag": 2, "change_message": "[{\"changed\": {\"fields\": [\"Cat\"]}}]"}}, {"model": "admin.logentry", "pk": 130, "fields": {"action_time": "2021-05-06T08:42:34.999Z", "user": 1, "content_type": 14, "object_id": "68", "object_repr": "Spinach", "action_flag": 2, "change_message": "[{\"changed\": {\"fields\": [\"Cat\"]}}]"}}, {"model": "admin.logentry", "pk": 131, "fields": {"action_time": "2021-05-06T08:42:43.598Z", "user": 1, "content_type": 14, "object_id": "71", "object_repr": "Seeded Bun", "action_flag": 2, "change_message": "[{\"changed\": {\"fields\": [\"Cyo\"]}}]"}}, {"model": "admin.logentry", "pk": 132, "fields": {"action_time": "2021-05-06T08:42:48.178Z", "user": 1, "content_type": 14, "object_id": "70", "object_repr": "Gluten Free Bun", "action_flag": 2, "change_message": "[{\"changed\": {\"fields\": [\"Cyo\"]}}]"}}, {"model": "admin.logentry", "pk": 133, "fields": {"action_time": "2021-05-06T08:42:53.735Z", "user": 1, "content_type": 14, "object_id": "69", "object_repr": "Brioche Bun", "action_flag": 2, "change_message": "[{\"changed\": {\"fields\": [\"Cyo\"]}}]"}}, {"model": "admin.logentry", "pk": 134, "fields": {"action_time": "2021-05-06T08:44:00.825Z", "user": 1, "content_type": 14, "object_id": "68", "object_repr": "Spinach", "action_flag": 2, "change_message": "[{\"changed\": {\"fields\": [\"Cat\", \"Cyo\"]}}]"}}, {"model": "admin.logentry", "pk": 135, "fields": {"action_time": "2021-05-06T08:44:11.756Z", "user": 1, "content_type": 14, "object_id": "67", "object_repr": "Tomato Ketchup", "action_flag": 2, "change_message": "[{\"changed\": {\"fields\": [\"Cat\", \"Cyo\"]}}]"}}, {"model": "admin.logentry", "pk": 136, "fields": {"action_time": "2021-05-06T08:44:20.263Z", "user": 1, "content_type": 14, "object_id": "66", "object_repr": "Sweet Chilli Sauce", "action_flag": 2, "change_message": "[{\"changed\": {\"fields\": [\"Cat\", \"Cyo\"]}}]"}}, {"model": "admin.logentry", "pk": 137, "fields": {"action_time": "2021-05-06T08:44:28.581Z", "user": 1, "content_type": 14, "object_id": "65", "object_repr": "Satay", "action_flag": 2, "change_message": "[{\"changed\": {\"fields\": [\"Cat\", \"Cyo\"]}}]"}}, {"model": "admin.logentry", "pk": 138, "fields": {"action_time": "2021-05-06T08:44:49.455Z", "user": 1, "content_type": 14, "object_id": "64", "object_repr": "Raita Sauce", "action_flag": 2, "change_message": "[{\"changed\": {\"fields\": [\"Cat\", \"Cyo\"]}}]"}}, {"model": "admin.logentry", "pk": 139, "fields": {"action_time": "2021-05-06T08:45:07.134Z", "user": 1, "content_type": 14, "object_id": "63", "object_repr": "Hot Habanero Jam", "action_flag": 2, "change_message": "[{\"changed\": {\"fields\": [\"Cat\", \"Cyo\"]}}]"}}, {"model": "admin.logentry", "pk": 140, "fields": {"action_time": "2021-05-06T08:45:25.193Z", "user": 1, "content_type": 14, "object_id": "72", "object_repr": "No Bun", "action_flag": 1, "change_message": "[{\"added\": {}}]"}}, {"model": "admin.logentry", "pk": 141, "fields": {"action_time": "2021-05-06T08:45:34.864Z", "user": 1, "content_type": 14, "object_id": "62", "object_repr": "Garlic Mayo", "action_flag": 2, "change_message": "[{\"changed\": {\"fields\": [\"Cat\", \"Cyo\"]}}]"}}, {"model": "admin.logentry", "pk": 142, "fields": {"action_time": "2021-05-06T08:45:42.992Z", "user": 1, "content_type": 14, "object_id": "61", "object_repr": "Burger Sauce", "action_flag": 2, "change_message": "[{\"changed\": {\"fields\": [\"Cat\", \"Cyo\"]}}]"}}, {"model": "admin.logentry", "pk": 143, "fields": {"action_time": "2021-05-06T08:45:52.070Z", "user": 1, "content_type": 14, "object_id": "60", "object_repr": "Baconaise", "action_flag": 2, "change_message": "[{\"changed\": {\"fields\": [\"Cat\", \"Cyo\"]}}]"}}, {"model": "admin.logentry", "pk": 144, "fields": {"action_time": "2021-05-06T08:45:59.513Z", "user": 1, "content_type": 14, "object_id": "59", "object_repr": "Chipotle Mayo", "action_flag": 2, "change_message": "[{\"changed\": {\"fields\": [\"Cat\", \"Cyo\"]}}]"}}, {"model": "admin.logentry", "pk": 145, "fields": {"action_time": "2021-05-06T08:46:05.987Z", "user": 1, "content_type": 14, "object_id": "59", "object_repr": "Chipotle Mayo", "action_flag": 2, "change_message": "[]"}}, {"model": "admin.logentry", "pk": 146, "fields": {"action_time": "2021-05-06T08:46:12.562Z", "user": 1, "content_type": 14, "object_id": "58", "object_repr": "BBQ Sauce", "action_flag": 2, "change_message": "[{\"changed\": {\"fields\": [\"Cat\", \"Cyo\"]}}]"}}, {"model": "admin.logentry", "pk": 147, "fields": {"action_time": "2021-05-06T08:49:59.498Z", "user": 1, "content_type": 14, "object_id": "53", "object_repr": "Macaroni Pasta", "action_flag": 2, "change_message": "[{\"changed\": {\"fields\": [\"Cat\", \"Cyo\"]}}]"}}, {"model": "admin.logentry", "pk": 148, "fields": {"action_time": "2021-05-06T08:50:14.132Z", "user": 1, "content_type": 14, "object_id": "49", "object_repr": "Mayonnaise", "action_flag": 2, "change_message": "[{\"changed\": {\"fields\": [\"Cat\", \"Cyo\"]}}]"}}, {"model": "admin.logentry", "pk": 149, "fields": {"action_time": "2021-05-06T08:50:36.694Z", "user": 1, "content_type": 14, "object_id": "48", "object_repr": "Diced Onions", "action_flag": 2, "change_message": "[{\"changed\": {\"fields\": [\"Cat\", \"Cyo\"]}}]"}}, {"model": "admin.logentry", "pk": 150, "fields": {"action_time": "2021-05-06T08:50:50.951Z", "user": 1, "content_type": 14, "object_id": "47", "object_repr": "Shredded Carrots", "action_flag": 2, "change_message": "[{\"changed\": {\"fields\": [\"Cat\", \"Cyo\"]}}]"}}, {"model": "admin.logentry", "pk": 151, "fields": {"action_time": "2021-05-06T08:51:03.459Z", "user": 1, "content_type": 14, "object_id": "46", "object_repr": "Red Cabbage", "action_flag": 2, "change_message": "[{\"changed\": {\"fields\": [\"Cat\", \"Cyo\"]}}]"}}, {"model": "admin.logentry", "pk": 152, "fields": {"action_time": "2021-05-06T08:51:20.720Z", "user": 1, "content_type": 14, "object_id": "44", "object_repr": "Parmesan Cheese", "action_flag": 2, "change_message": "[{\"changed\": {\"fields\": [\"Cat\", \"Cyo\"]}}]"}}, {"model": "admin.logentry", "pk": 153, "fields": {"action_time": "2021-05-06T08:51:43.335Z", "user": 1, "content_type": 14, "object_id": "43", "object_repr": "Avocado", "action_flag": 2, "change_message": "[{\"changed\": {\"fields\": [\"Cat\", \"Cyo\"]}}]"}}, {"model": "admin.logentry", "pk": 154, "fields": {"action_time": "2021-05-06T08:58:23.877Z", "user": 1, "content_type": 14, "object_id": "42", "object_repr": "Rocket", "action_flag": 2, "change_message": "[{\"changed\": {\"fields\": [\"Cat\", \"Cyo\"]}}]"}}, {"model": "admin.logentry", "pk": 155, "fields": {"action_time": "2021-05-06T08:58:51.951Z", "user": 1, "content_type": 14, "object_id": "40", "object_repr": "Hummus", "action_flag": 2, "change_message": "[{\"changed\": {\"fields\": [\"Cat\", \"Cyo\"]}}]"}}, {"model": "admin.logentry", "pk": 156, "fields": {"action_time": "2021-05-06T08:59:29.806Z", "user": 1, "content_type": 14, "object_id": "39", "object_repr": "Jalapenos", "action_flag": 2, "change_message": "[{\"changed\": {\"fields\": [\"Cat\", \"Cyo\"]}}]"}}, {"model": "admin.logentry", "pk": 157, "fields": {"action_time": "2021-05-06T09:02:28.745Z", "user": 1, "content_type": 14, "object_id": "38", "object_repr": "Sriracha Sauce", "action_flag": 2, "change_message": "[{\"changed\": {\"fields\": [\"Cat\", \"Cyo\"]}}]"}}, {"model": "admin.logentry", "pk": 158, "fields": {"action_time": "2021-05-06T09:06:47.131Z", "user": 1, "content_type": 14, "object_id": "35", "object_repr": "Sweet Potato", "action_flag": 2, "change_message": "[{\"changed\": {\"fields\": [\"Cat\", \"Cyo\"]}}]"}}, {"model": "admin.logentry", "pk": 159, "fields": {"action_time": "2021-05-06T09:07:08.232Z", "user": 1, "content_type": 14, "object_id": "36", "object_repr": "Quinoa", "action_flag": 2, "change_message": "[]"}}, {"model": "admin.logentry", "pk": 160, "fields": {"action_time": "2021-05-06T09:07:29.376Z", "user": 1, "content_type": 14, "object_id": "73", "object_repr": "Falafel", "action_flag": 1, "change_message": "[{\"added\": {}}]"}}, {"model": "admin.logentry", "pk": 161, "fields": {"action_time": "2021-05-06T09:08:08.146Z", "user": 1, "content_type": 14, "object_id": "74", "object_repr": "American Sliced Cheese", "action_flag": 1, "change_message": "[{\"added\": {}}]"}}, {"model": "admin.logentry", "pk": 162, "fields": {"action_time": "2021-05-06T09:10:30.808Z", "user": 1, "content_type": 14, "object_id": "75", "object_repr": "Monterey Jack Cheese", "action_flag": 1, "change_message": "[{\"added\": {}}]"}}, {"model": "admin.logentry", "pk": 163, "fields": {"action_time": "2021-05-06T09:10:47.582Z", "user": 1, "content_type": 14, "object_id": "34", "object_repr": "Chilli", "action_flag": 2, "change_message": "[{\"changed\": {\"fields\": [\"Cat\", \"Cyo\"]}}]"}}, {"model": "admin.logentry", "pk": 164, "fields": {"action_time": "2021-05-06T09:10:59.884Z", "user": 1, "content_type": 14, "object_id": "33", "object_repr": "Chicken Breast in Breadcrumbs", "action_flag": 2, "change_message": "[{\"changed\": {\"fields\": [\"Cat\", \"Cyo\"]}}]"}}, {"model": "admin.logentry", "pk": 165, "fields": {"action_time": "2021-05-06T09:11:16.941Z", "user": 1, "content_type": 14, "object_id": "32", "object_repr": "Grilled Chicken Breast", "action_flag": 2, "change_message": "[{\"changed\": {\"fields\": [\"Cat\", \"Cyo\"]}}]"}}, {"model": "admin.logentry", "pk": 166, "fields": {"action_time": "2021-05-06T09:11:40.264Z", "user": 1, "content_type": 14, "object_id": "31", "object_repr": "Katsu Curry Sauce", "action_flag": 2, "change_message": "[{\"changed\": {\"fields\": [\"Cat\", \"Cyo\"]}}]"}}, {"model": "admin.logentry", "pk": 167, "fields": {"action_time": "2021-05-06T09:11:54.087Z", "user": 1, "content_type": 14, "object_id": "30", "object_repr": "Coleslaw", "action_flag": 2, "change_message": "[{\"changed\": {\"fields\": [\"Cat\", \"Cyo\"]}}]"}}, {"model": "admin.logentry", "pk": 168, "fields": {"action_time": "2021-05-06T09:12:03.375Z", "user": 1, "content_type": 14, "object_id": "29", "object_repr": "Mozzarella", "action_flag": 2, "change_message": "[{\"changed\": {\"fields\": [\"Cat\", \"Cyo\"]}}]"}}, {"model": "admin.logentry", "pk": 169, "fields": {"action_time": "2021-05-06T09:13:33.799Z", "user": 1, "content_type": 14, "object_id": "28", "object_repr": "Basil Pesto", "action_flag": 2, "change_message": "[{\"changed\": {\"fields\": [\"Cat\", \"Cyo\"]}}]"}}, {"model": "admin.logentry", "pk": 170, "fields": {"action_time": "2021-05-06T09:13:44.813Z", "user": 1, "content_type": 14, "object_id": "27", "object_repr": "Mushrooms", "action_flag": 2, "change_message": "[{\"changed\": {\"fields\": [\"Cat\", \"Cyo\"]}}]"}}, {"model": "admin.logentry", "pk": 171, "fields": {"action_time": "2021-05-06T09:13:57.800Z", "user": 1, "content_type": 14, "object_id": "26", "object_repr": "Caramelised Onions", "action_flag": 2, "change_message": "[{\"changed\": {\"fields\": [\"Cat\", \"Cyo\"]}}]"}}, {"model": "admin.logentry", "pk": 172, "fields": {"action_time": "2021-05-06T09:14:08.614Z", "user": 1, "content_type": 14, "object_id": "25", "object_repr": "Black pepper Jam", "action_flag": 2, "change_message": "[{\"changed\": {\"fields\": [\"Cat\", \"Cyo\"]}}]"}}, {"model": "admin.logentry", "pk": 173, "fields": {"action_time": "2021-05-06T09:14:19.072Z", "user": 1, "content_type": 14, "object_id": "24", "object_repr": "Peanut Butter", "action_flag": 2, "change_message": "[{\"changed\": {\"fields\": [\"Cat\", \"Cyo\"]}}]"}}, {"model": "admin.logentry", "pk": 174, "fields": {"action_time": "2021-05-06T09:14:29.242Z", "user": 1, "content_type": 14, "object_id": "23", "object_repr": "Bacon", "action_flag": 2, "change_message": "[{\"changed\": {\"fields\": [\"Cat\", \"Cyo\"]}}]"}}, {"model": "admin.logentry", "pk": 175, "fields": {"action_time": "2021-05-06T09:14:43.284Z", "user": 1, "content_type": 14, "object_id": "19", "object_repr": "Guacamole", "action_flag": 2, "change_message": "[{\"changed\": {\"fields\": [\"Cat\", \"Cyo\"]}}]"}}, {"model": "admin.logentry", "pk": 176, "fields": {"action_time": "2021-05-06T09:14:55.216Z", "user": 1, "content_type": 14, "object_id": "18", "object_repr": "Sour Cream", "action_flag": 2, "change_message": "[{\"changed\": {\"fields\": [\"Cat\", \"Cyo\"]}}]"}}, {"model": "admin.logentry", "pk": 177, "fields": {"action_time": "2021-05-06T09:15:21.884Z", "user": 1, "content_type": 14, "object_id": "17", "object_repr": "Tortilla Chips", "action_flag": 2, "change_message": "[{\"changed\": {\"fields\": [\"Cat\", \"Cyo\"]}}]"}}, {"model": "admin.logentry", "pk": 178, "fields": {"action_time": "2021-05-06T09:15:43.914Z", "user": 1, "content_type": 14, "object_id": "16", "object_repr": "Salsa", "action_flag": 2, "change_message": "[{\"changed\": {\"fields\": [\"Cat\", \"Cyo\"]}}]"}}, {"model": "admin.logentry", "pk": 179, "fields": {"action_time": "2021-05-06T09:16:09.391Z", "user": 1, "content_type": 14, "object_id": "13", "object_repr": "Prawns", "action_flag": 2, "change_message": "[{\"changed\": {\"fields\": [\"Cat\", \"Cyo\"]}}]"}}, {"model": "admin.logentry", "pk": 180, "fields": {"action_time": "2021-05-06T09:16:18.337Z", "user": 1, "content_type": 14, "object_id": "15", "object_repr": "Cucumber", "action_flag": 2, "change_message": "[{\"changed\": {\"fields\": [\"Cat\", \"Cyo\"]}}]"}}, {"model": "admin.logentry", "pk": 181, "fields": {"action_time": "2021-05-06T09:16:31.880Z", "user": 1, "content_type": 14, "object_id": "12", "object_repr": "Halloumi Cheese", "action_flag": 2, "change_message": "[{\"changed\": {\"fields\": [\"Cat\", \"Cyo\"]}}]"}}, {"model": "admin.logentry", "pk": 182, "fields": {"action_time": "2021-05-06T09:16:40.226Z", "user": 1, "content_type": 14, "object_id": "11", "object_repr": "Crispy Onions", "action_flag": 2, "change_message": "[{\"changed\": {\"fields\": [\"Cat\", \"Cyo\"]}}]"}}, {"model": "admin.logentry", "pk": 183, "fields": {"action_time": "2021-05-06T09:17:04.092Z", "user": 1, "content_type": 14, "object_id": "76", "object_repr": "Onion Rings", "action_flag": 1, "change_message": "[{\"added\": {}}]"}}, {"model": "admin.logentry", "pk": 184, "fields": {"action_time": "2021-05-06T09:17:19.345Z", "user": 1, "content_type": 14, "object_id": "9", "object_repr": "Blue Cheese", "action_flag": 2, "change_message": "[{\"changed\": {\"fields\": [\"Cat\", \"Cyo\"]}}]"}}, {"model": "admin.logentry", "pk": 185, "fields": {"action_time": "2021-05-06T09:17:28.416Z", "user": 1, "content_type": 14, "object_id": "6", "object_repr": "Lettuce", "action_flag": 2, "change_message": "[{\"changed\": {\"fields\": [\"Cat\", \"Cyo\"]}}]"}}, {"model": "admin.logentry", "pk": 186, "fields": {"action_time": "2021-05-06T09:17:37.741Z", "user": 1, "content_type": 14, "object_id": "8", "object_repr": "Gherkins", "action_flag": 2, "change_message": "[{\"changed\": {\"fields\": [\"Cat\", \"Cyo\"]}}]"}}, {"model": "admin.logentry", "pk": 187, "fields": {"action_time": "2021-05-06T09:17:59.014Z", "user": 1, "content_type": 14, "object_id": "7", "object_repr": "Cheddar Cheese", "action_flag": 2, "change_message": "[{\"changed\": {\"fields\": [\"Name\", \"Cat\", \"Cyo\"]}}]"}}, {"model": "admin.logentry", "pk": 188, "fields": {"action_time": "2021-05-06T09:18:05.235Z", "user": 1, "content_type": 14, "object_id": "6", "object_repr": "Lettuce", "action_flag": 2, "change_message": "[]"}}, {"model": "admin.logentry", "pk": 189, "fields": {"action_time": "2021-05-06T09:18:14.995Z", "user": 1, "content_type": 14, "object_id": "5", "object_repr": "Tomato", "action_flag": 2, "change_message": "[{\"changed\": {\"fields\": [\"Cat\", \"Cyo\"]}}]"}}, {"model": "admin.logentry", "pk": 190, "fields": {"action_time": "2021-05-06T09:18:23.031Z", "user": 1, "content_type": 14, "object_id": "4", "object_repr": "Beetroot", "action_flag": 2, "change_message": "[{\"changed\": {\"fields\": [\"Cat\", \"Cyo\"]}}]"}}, {"model": "admin.logentry", "pk": 191, "fields": {"action_time": "2021-05-06T09:18:41.129Z", "user": 1, "content_type": 14, "object_id": "3", "object_repr": "Beef", "action_flag": 2, "change_message": "[{\"changed\": {\"fields\": [\"Cat\", \"Cyo\"]}}]"}}, {"model": "admin.logentry", "pk": 192, "fields": {"action_time": "2021-05-06T09:19:09.679Z", "user": 1, "content_type": 14, "object_id": "77", "object_repr": "Chickpea", "action_flag": 1, "change_message": "[{\"added\": {}}]"}}, {"model": "admin.logentry", "pk": 193, "fields": {"action_time": "2021-05-06T14:30:30.980Z", "user": 1, "content_type": 13, "object_id": "7", "object_repr": "custom_burger", "action_flag": 1, "change_message": "[{\"added\": {}}]"}}, {"model": "admin.logentry", "pk": 194, "fields": {"action_time": "2021-05-07T18:49:33.606Z", "user": 1, "content_type": 15, "object_id": "38", "object_repr": "Custom Burger", "action_flag": 1, "change_message": "[{\"added\": {}}]"}}, {"model": "admin.logentry", "pk": 195, "fields": {"action_time": "2021-05-07T18:51:02.328Z", "user": 1, "content_type": 15, "object_id": "38", "object_repr": "Custom Burger", "action_flag": 2, "change_message": "[{\"changed\": {\"fields\": [\"Custom\"]}}]"}}, {"model": "admin.logentry", "pk": 196, "fields": {"action_time": "2021-05-07T19:48:30.736Z", "user": 1, "content_type": 14, "object_id": "76", "object_repr": "Onion Rings", "action_flag": 2, "change_message": "[{\"changed\": {\"fields\": [\"Cat\", \"Cyo\"]}}]"}}, {"model": "admin.logentry", "pk": 197, "fields": {"action_time": "2021-05-07T19:48:39.543Z", "user": 1, "content_type": 14, "object_id": "75", "object_repr": "Monterey Jack Cheese", "action_flag": 2, "change_message": "[{\"changed\": {\"fields\": [\"Cat\", \"Cyo\"]}}]"}}, {"model": "admin.logentry", "pk": 198, "fields": {"action_time": "2021-05-07T19:48:48.365Z", "user": 1, "content_type": 14, "object_id": "74", "object_repr": "American Sliced Cheese", "action_flag": 2, "change_message": "[{\"changed\": {\"fields\": [\"Cat\", \"Cyo\"]}}]"}}, {"model": "admin.logentry", "pk": 199, "fields": {"action_time": "2021-05-07T19:48:56.182Z", "user": 1, "content_type": 14, "object_id": "73", "object_repr": "Falafel", "action_flag": 2, "change_message": "[{\"changed\": {\"fields\": [\"Cat\", \"Cyo\"]}}]"}}, {"model": "admin.logentry", "pk": 200, "fields": {"action_time": "2021-05-07T19:49:03.817Z", "user": 1, "content_type": 14, "object_id": "72", "object_repr": "No Bun", "action_flag": 2, "change_message": "[{\"changed\": {\"fields\": [\"Cat\", \"Cyo\"]}}]"}}, {"model": "admin.logentry", "pk": 201, "fields": {"action_time": "2021-05-07T19:49:12.476Z", "user": 1, "content_type": 14, "object_id": "71", "object_repr": "Seeded Bun", "action_flag": 2, "change_message": "[{\"changed\": {\"fields\": [\"Cat\", \"Cyo\"]}}]"}}, {"model": "admin.logentry", "pk": 202, "fields": {"action_time": "2021-05-07T19:49:17.404Z", "user": 1, "content_type": 14, "object_id": "71", "object_repr": "Seeded Bun", "action_flag": 2, "change_message": "[]"}}, {"model": "admin.logentry", "pk": 203, "fields": {"action_time": "2021-05-07T19:49:29.642Z", "user": 1, "content_type": 14, "object_id": "70", "object_repr": "Gluten Free Bun", "action_flag": 2, "change_message": "[{\"changed\": {\"fields\": [\"Cat\", \"Cyo\"]}}]"}}, {"model": "admin.logentry", "pk": 204, "fields": {"action_time": "2021-05-07T19:49:38.988Z", "user": 1, "content_type": 14, "object_id": "69", "object_repr": "Brioche Bun", "action_flag": 2, "change_message": "[{\"changed\": {\"fields\": [\"Cat\", \"Cyo\"]}}]"}}, {"model": "admin.logentry", "pk": 205, "fields": {"action_time": "2021-05-07T19:49:47.123Z", "user": 1, "content_type": 14, "object_id": "68", "object_repr": "Spinach", "action_flag": 2, "change_message": "[{\"changed\": {\"fields\": [\"Cat\", \"Cyo\"]}}]"}}, {"model": "admin.logentry", "pk": 206, "fields": {"action_time": "2021-05-07T19:49:56.826Z", "user": 1, "content_type": 14, "object_id": "67", "object_repr": "Tomato Ketchup", "action_flag": 2, "change_message": "[{\"changed\": {\"fields\": [\"Cat\", \"Cyo\"]}}]"}}, {"model": "admin.logentry", "pk": 207, "fields": {"action_time": "2021-05-07T19:50:05.620Z", "user": 1, "content_type": 14, "object_id": "66", "object_repr": "Sweet Chilli Sauce", "action_flag": 2, "change_message": "[{\"changed\": {\"fields\": [\"Cat\", \"Cyo\"]}}]"}}, {"model": "admin.logentry", "pk": 208, "fields": {"action_time": "2021-05-07T19:50:14.603Z", "user": 1, "content_type": 14, "object_id": "65", "object_repr": "Satay", "action_flag": 2, "change_message": "[{\"changed\": {\"fields\": [\"Cat\", \"Cyo\"]}}]"}}, {"model": "admin.logentry", "pk": 209, "fields": {"action_time": "2021-05-07T19:50:22.710Z", "user": 1, "content_type": 14, "object_id": "64", "object_repr": "Raita Sauce", "action_flag": 2, "change_message": "[{\"changed\": {\"fields\": [\"Cat\", \"Cyo\"]}}]"}}, {"model": "admin.logentry", "pk": 210, "fields": {"action_time": "2021-05-07T19:50:33.940Z", "user": 1, "content_type": 14, "object_id": "63", "object_repr": "Hot Habanero Jam", "action_flag": 2, "change_message": "[{\"changed\": {\"fields\": [\"Cat\", \"Cyo\"]}}]"}}, {"model": "admin.logentry", "pk": 211, "fields": {"action_time": "2021-05-07T19:50:44.851Z", "user": 1, "content_type": 14, "object_id": "62", "object_repr": "Garlic Mayo", "action_flag": 2, "change_message": "[{\"changed\": {\"fields\": [\"Cat\", \"Cyo\"]}}]"}}, {"model": "admin.logentry", "pk": 212, "fields": {"action_time": "2021-05-07T19:50:56.495Z", "user": 1, "content_type": 14, "object_id": "61", "object_repr": "Burger Sauce", "action_flag": 2, "change_message": "[{\"changed\": {\"fields\": [\"Cat\", \"Cyo\"]}}]"}}, {"model": "admin.logentry", "pk": 213, "fields": {"action_time": "2021-05-07T19:51:06.551Z", "user": 1, "content_type": 14, "object_id": "60", "object_repr": "Baconaise", "action_flag": 2, "change_message": "[{\"changed\": {\"fields\": [\"Cat\", \"Cyo\"]}}]"}}, {"model": "admin.logentry", "pk": 214, "fields": {"action_time": "2021-05-07T19:51:20.595Z", "user": 1, "content_type": 14, "object_id": "59", "object_repr": "Chipotle Mayo", "action_flag": 2, "change_message": "[{\"changed\": {\"fields\": [\"Cat\", \"Cyo\"]}}]"}}, {"model": "admin.logentry", "pk": 215, "fields": {"action_time": "2021-05-07T19:51:31.830Z", "user": 1, "content_type": 14, "object_id": "58", "object_repr": "BBQ Sauce", "action_flag": 2, "change_message": "[{\"changed\": {\"fields\": [\"Cat\", \"Cyo\"]}}]"}}, {"model": "admin.logentry", "pk": 216, "fields": {"action_time": "2021-05-07T19:51:43.440Z", "user": 1, "content_type": 14, "object_id": "57", "object_repr": "Sweetcorn", "action_flag": 2, "change_message": "[]"}}, {"model": "admin.logentry", "pk": 217, "fields": {"action_time": "2021-05-07T19:51:56.142Z", "user": 1, "content_type": 14, "object_id": "53", "object_repr": "Macaroni Pasta", "action_flag": 2, "change_message": "[{\"changed\": {\"fields\": [\"Cat\", \"Cyo\"]}}]"}}, {"model": "admin.logentry", "pk": 218, "fields": {"action_time": "2021-05-07T19:51:56.346Z", "user": 1, "content_type": 14, "object_id": "53", "object_repr": "Macaroni Pasta", "action_flag": 2, "change_message": "[]"}}, {"model": "admin.logentry", "pk": 219, "fields": {"action_time": "2021-05-07T19:52:08.854Z", "user": 1, "content_type": 14, "object_id": "49", "object_repr": "Mayonnaise", "action_flag": 2, "change_message": "[{\"changed\": {\"fields\": [\"Cat\", \"Cyo\"]}}]"}}, {"model": "admin.logentry", "pk": 220, "fields": {"action_time": "2021-05-07T19:52:28.973Z", "user": 1, "content_type": 14, "object_id": "48", "object_repr": "Diced Onions", "action_flag": 2, "change_message": "[{\"changed\": {\"fields\": [\"Cat\", \"Cyo\"]}}]"}}, {"model": "admin.logentry", "pk": 221, "fields": {"action_time": "2021-05-07T19:52:43.599Z", "user": 1, "content_type": 14, "object_id": "47", "object_repr": "Shredded Carrots", "action_flag": 2, "change_message": "[{\"changed\": {\"fields\": [\"Cat\", \"Cyo\"]}}]"}}, {"model": "admin.logentry", "pk": 222, "fields": {"action_time": "2021-05-07T19:53:01.071Z", "user": 1, "content_type": 14, "object_id": "46", "object_repr": "Red Cabbage", "action_flag": 2, "change_message": "[{\"changed\": {\"fields\": [\"Cat\", \"Cyo\"]}}]"}}, {"model": "admin.logentry", "pk": 223, "fields": {"action_time": "2021-05-07T19:53:12.299Z", "user": 1, "content_type": 14, "object_id": "44", "object_repr": "Parmesan Cheese", "action_flag": 2, "change_message": "[{\"changed\": {\"fields\": [\"Cat\", \"Cyo\"]}}]"}}, {"model": "admin.logentry", "pk": 224, "fields": {"action_time": "2021-05-07T19:53:24.099Z", "user": 1, "content_type": 14, "object_id": "43", "object_repr": "Avocado", "action_flag": 2, "change_message": "[{\"changed\": {\"fields\": [\"Cat\", \"Cyo\"]}}]"}}, {"model": "admin.logentry", "pk": 225, "fields": {"action_time": "2021-05-07T19:53:41.114Z", "user": 1, "content_type": 14, "object_id": "42", "object_repr": "Rocket", "action_flag": 2, "change_message": "[{\"changed\": {\"fields\": [\"Cat\", \"Cyo\"]}}]"}}, {"model": "admin.logentry", "pk": 226, "fields": {"action_time": "2021-05-07T19:54:13.912Z", "user": 1, "content_type": 14, "object_id": "39", "object_repr": "Jalapenos", "action_flag": 2, "change_message": "[{\"changed\": {\"fields\": [\"Cat\", \"Cyo\"]}}]"}}, {"model": "admin.logentry", "pk": 227, "fields": {"action_time": "2021-05-07T19:54:27.627Z", "user": 1, "content_type": 14, "object_id": "38", "object_repr": "Sriracha Sauce", "action_flag": 2, "change_message": "[{\"changed\": {\"fields\": [\"Cat\", \"Cyo\"]}}]"}}, {"model": "admin.logentry", "pk": 228, "fields": {"action_time": "2021-05-07T19:54:48.911Z", "user": 1, "content_type": 14, "object_id": "35", "object_repr": "Sweet Potato", "action_flag": 2, "change_message": "[{\"changed\": {\"fields\": [\"Cat\", \"Cyo\"]}}]"}}, {"model": "admin.logentry", "pk": 229, "fields": {"action_time": "2021-05-07T19:55:03.901Z", "user": 1, "content_type": 14, "object_id": "34", "object_repr": "Chilli", "action_flag": 2, "change_message": "[{\"changed\": {\"fields\": [\"Cat\", \"Cyo\"]}}]"}}, {"model": "admin.logentry", "pk": 230, "fields": {"action_time": "2021-05-07T19:55:22.341Z", "user": 1, "content_type": 14, "object_id": "33", "object_repr": "Chicken Breast in Breadcrumbs", "action_flag": 2, "change_message": "[{\"changed\": {\"fields\": [\"Cat\", \"Cyo\"]}}]"}}, {"model": "admin.logentry", "pk": 231, "fields": {"action_time": "2021-05-07T19:55:34.856Z", "user": 1, "content_type": 14, "object_id": "32", "object_repr": "Grilled Chicken Breast", "action_flag": 2, "change_message": "[{\"changed\": {\"fields\": [\"Cat\", \"Cyo\"]}}]"}}, {"model": "admin.logentry", "pk": 232, "fields": {"action_time": "2021-05-07T19:55:45.670Z", "user": 1, "content_type": 14, "object_id": "31", "object_repr": "Katsu Curry Sauce", "action_flag": 2, "change_message": "[{\"changed\": {\"fields\": [\"Cat\", \"Cyo\"]}}]"}}, {"model": "admin.logentry", "pk": 233, "fields": {"action_time": "2021-05-07T19:56:01.685Z", "user": 1, "content_type": 14, "object_id": "30", "object_repr": "Coleslaw", "action_flag": 2, "change_message": "[{\"changed\": {\"fields\": [\"Cat\", \"Cyo\"]}}]"}}, {"model": "admin.logentry", "pk": 234, "fields": {"action_time": "2021-05-07T19:56:13.604Z", "user": 1, "content_type": 14, "object_id": "29", "object_repr": "Mozzarella", "action_flag": 2, "change_message": "[{\"changed\": {\"fields\": [\"Cat\", \"Cyo\"]}}]"}}, {"model": "admin.logentry", "pk": 235, "fields": {"action_time": "2021-05-07T19:56:27.307Z", "user": 1, "content_type": 14, "object_id": "28", "object_repr": "Basil Pesto", "action_flag": 2, "change_message": "[{\"changed\": {\"fields\": [\"Cat\", \"Cyo\"]}}]"}}, {"model": "admin.logentry", "pk": 236, "fields": {"action_time": "2021-05-07T19:56:38.348Z", "user": 1, "content_type": 14, "object_id": "27", "object_repr": "Mushrooms", "action_flag": 2, "change_message": "[{\"changed\": {\"fields\": [\"Cat\", \"Cyo\"]}}]"}}, {"model": "admin.logentry", "pk": 237, "fields": {"action_time": "2021-05-07T19:56:48.367Z", "user": 1, "content_type": 14, "object_id": "26", "object_repr": "Caramelised Onions", "action_flag": 2, "change_message": "[{\"changed\": {\"fields\": [\"Cat\", \"Cyo\"]}}]"}}, {"model": "admin.logentry", "pk": 238, "fields": {"action_time": "2021-05-07T19:57:02.703Z", "user": 1, "content_type": 14, "object_id": "25", "object_repr": "Black pepper Jam", "action_flag": 2, "change_message": "[{\"changed\": {\"fields\": [\"Cat\", \"Cyo\"]}}]"}}, {"model": "admin.logentry", "pk": 239, "fields": {"action_time": "2021-05-07T19:57:13.029Z", "user": 1, "content_type": 14, "object_id": "24", "object_repr": "Peanut Butter", "action_flag": 2, "change_message": "[{\"changed\": {\"fields\": [\"Cat\", \"Cyo\"]}}]"}}, {"model": "admin.logentry", "pk": 240, "fields": {"action_time": "2021-05-07T19:57:24.558Z", "user": 1, "content_type": 14, "object_id": "23", "object_repr": "Bacon", "action_flag": 2, "change_message": "[{\"changed\": {\"fields\": [\"Cat\", \"Cyo\"]}}]"}}, {"model": "admin.logentry", "pk": 241, "fields": {"action_time": "2021-05-07T19:57:40.518Z", "user": 1, "content_type": 14, "object_id": "19", "object_repr": "Guacamole", "action_flag": 2, "change_message": "[{\"changed\": {\"fields\": [\"Cat\", \"Cyo\"]}}]"}}, {"model": "admin.logentry", "pk": 242, "fields": {"action_time": "2021-05-07T19:57:55.835Z", "user": 1, "content_type": 14, "object_id": "18", "object_repr": "Sour Cream", "action_flag": 2, "change_message": "[{\"changed\": {\"fields\": [\"Cat\", \"Cyo\"]}}]"}}, {"model": "admin.logentry", "pk": 243, "fields": {"action_time": "2021-05-07T19:58:14.362Z", "user": 1, "content_type": 14, "object_id": "17", "object_repr": "Tortilla Chips", "action_flag": 2, "change_message": "[{\"changed\": {\"fields\": [\"Cat\", \"Cyo\"]}}]"}}, {"model": "admin.logentry", "pk": 244, "fields": {"action_time": "2021-05-07T19:58:30.631Z", "user": 1, "content_type": 14, "object_id": "16", "object_repr": "Salsa", "action_flag": 2, "change_message": "[{\"changed\": {\"fields\": [\"Cat\", \"Cyo\"]}}]"}}, {"model": "admin.logentry", "pk": 245, "fields": {"action_time": "2021-05-07T19:58:45.318Z", "user": 1, "content_type": 14, "object_id": "15", "object_repr": "Cucumber", "action_flag": 2, "change_message": "[{\"changed\": {\"fields\": [\"Cat\", \"Cyo\"]}}]"}}, {"model": "admin.logentry", "pk": 246, "fields": {"action_time": "2021-05-07T19:58:58.485Z", "user": 1, "content_type": 14, "object_id": "13", "object_repr": "Prawns", "action_flag": 2, "change_message": "[{\"changed\": {\"fields\": [\"Cat\", \"Cyo\"]}}]"}}, {"model": "admin.logentry", "pk": 247, "fields": {"action_time": "2021-05-07T19:59:19.575Z", "user": 1, "content_type": 14, "object_id": "12", "object_repr": "Halloumi Cheese", "action_flag": 2, "change_message": "[{\"changed\": {\"fields\": [\"Cat\", \"Cyo\"]}}]"}}, {"model": "admin.logentry", "pk": 248, "fields": {"action_time": "2021-05-07T19:59:31.513Z", "user": 1, "content_type": 14, "object_id": "11", "object_repr": "Crispy Onions", "action_flag": 2, "change_message": "[{\"changed\": {\"fields\": [\"Cat\", \"Cyo\"]}}]"}}, {"model": "admin.logentry", "pk": 249, "fields": {"action_time": "2021-05-07T19:59:45.995Z", "user": 1, "content_type": 14, "object_id": "10", "object_repr": "Onions", "action_flag": 2, "change_message": "[{\"changed\": {\"fields\": [\"Cat\", \"Cyo\"]}}]"}}, {"model": "admin.logentry", "pk": 250, "fields": {"action_time": "2021-05-07T20:00:06.325Z", "user": 1, "content_type": 14, "object_id": "9", "object_repr": "Blue Cheese", "action_flag": 2, "change_message": "[{\"changed\": {\"fields\": [\"Cat\", \"Cyo\"]}}]"}}, {"model": "admin.logentry", "pk": 251, "fields": {"action_time": "2021-05-07T20:00:21.071Z", "user": 1, "content_type": 14, "object_id": "8", "object_repr": "Gherkins", "action_flag": 2, "change_message": "[{\"changed\": {\"fields\": [\"Cat\", \"Cyo\"]}}]"}}, {"model": "admin.logentry", "pk": 252, "fields": {"action_time": "2021-05-07T20:00:33.046Z", "user": 1, "content_type": 14, "object_id": "7", "object_repr": "Cheddar Cheese", "action_flag": 2, "change_message": "[{\"changed\": {\"fields\": [\"Cat\", \"Cyo\"]}}]"}}, {"model": "admin.logentry", "pk": 253, "fields": {"action_time": "2021-05-07T20:00:45.332Z", "user": 1, "content_type": 14, "object_id": "6", "object_repr": "Lettuce", "action_flag": 2, "change_message": "[{\"changed\": {\"fields\": [\"Cat\", \"Cyo\"]}}]"}}, {"model": "admin.logentry", "pk": 254, "fields": {"action_time": "2021-05-07T20:00:58.747Z", "user": 1, "content_type": 14, "object_id": "5", "object_repr": "Tomato", "action_flag": 2, "change_message": "[{\"changed\": {\"fields\": [\"Cat\", \"Cyo\"]}}]"}}, {"model": "admin.logentry", "pk": 255, "fields": {"action_time": "2021-05-07T20:01:13.446Z", "user": 1, "content_type": 14, "object_id": "4", "object_repr": "Beetroot", "action_flag": 2, "change_message": "[{\"changed\": {\"fields\": [\"Cat\", \"Cyo\"]}}]"}}, {"model": "admin.logentry", "pk": 256, "fields": {"action_time": "2021-05-07T20:01:26.663Z", "user": 1, "content_type": 14, "object_id": "3", "object_repr": "Beef", "action_flag": 2, "change_message": "[{\"changed\": {\"fields\": [\"Cat\", \"Cyo\"]}}]"}}, {"model": "admin.logentry", "pk": 257, "fields": {"action_time": "2021-05-11T08:22:47.123Z", "user": 1, "content_type": 16, "object_id": "2", "object_repr": "61BDDAFFC369400B80147542852332F9", "action_flag": 3, "change_message": ""}}, {"model": "admin.logentry", "pk": 258, "fields": {"action_time": "2021-05-11T08:22:47.167Z", "user": 1, "content_type": 16, "object_id": "1", "object_repr": "E98DA19D62EF4079B0196A5491AC4656", "action_flag": 3, "change_message": ""}}, {"model": "admin.logentry", "pk": 259, "fields": {"action_time": "2021-05-11T08:41:00.608Z", "user": 1, "content_type": 16, "object_id": "3", "object_repr": "248701DF93A646A0AC8777193C705D1A", "action_flag": 3, "change_message": ""}}, {"model": "admin.logentry", "pk": 260, "fields": {"action_time": "2021-05-12T09:54:52.688Z", "user": 1, "content_type": 16, "object_id": "9", "object_repr": "770B6FDEDC2748BBA55C0023833CEFCB", "action_flag": 3, "change_message": ""}}, {"model": "admin.logentry", "pk": 261, "fields": {"action_time": "2021-05-12T09:54:52.727Z", "user": 1, "content_type": 16, "object_id": "8", "object_repr": "AD0DD42A8A814562BFEA70F85CF1DED8", "action_flag": 3, "change_message": ""}}, {"model": "admin.logentry", "pk": 262, "fields": {"action_time": "2021-05-12T09:54:52.749Z", "user": 1, "content_type": 16, "object_id": "7", "object_repr": "E3E4B1649E1A41BE8D5FF629C4B11AEE", "action_flag": 3, "change_message": ""}}, {"model": "admin.logentry", "pk": 263, "fields": {"action_time": "2021-05-12T09:54:52.781Z", "user": 1, "content_type": 16, "object_id": "6", "object_repr": "3EFC7A78F6314095BF2E161879C290EC", "action_flag": 3, "change_message": ""}}, {"model": "admin.logentry", "pk": 264, "fields": {"action_time": "2021-05-12T09:54:52.813Z", "user": 1, "content_type": 16, "object_id": "5", "object_repr": "1DA4C7C2C6264F04ABB8E24E77568DA9", "action_flag": 3, "change_message": ""}}, {"model": "admin.logentry", "pk": 265, "fields": {"action_time": "2021-05-12T09:54:52.845Z", "user": 1, "content_type": 16, "object_id": "4", "object_repr": "9608D4E320714FF480B66F30C9F50CEB", "action_flag": 3, "change_message": ""}}, {"model": "admin.logentry", "pk": 266, "fields": {"action_time": "2021-05-12T09:56:03.323Z", "user": 1, "content_type": 19, "object_id": "1", "object_repr": "leeap83 Profile", "action_flag": 1, "change_message": "[{\"added\": {}}]"}}, {"model": "admin.logentry", "pk": 267, "fields": {"action_time": "2021-05-13T13:31:26.809Z", "user": 1, "content_type": 4, "object_id": "2", "object_repr": "Test123", "action_flag": 3, "change_message": ""}}, {"model": "admin.logentry", "pk": 268, "fields": {"action_time": "2021-05-13T14:58:38.674Z", "user": 1, "content_type": 4, "object_id": "3", "object_repr": "Test123", "action_flag": 2, "change_message": "[{\"changed\": {\"fields\": [\"First name\", \"Last name\"]}}]"}}, {"model": "admin.logentry", "pk": 269, "fields": {"action_time": "2021-05-14T13:12:45.652Z", "user": 1, "content_type": 16, "object_id": "16", "object_repr": "D70B6B1CD5E74594BDFE34ABA05680DA", "action_flag": 2, "change_message": "[{\"changed\": {\"fields\": [\"Order status\"]}}]"}}, {"model": "admin.logentry", "pk": 270, "fields": {"action_time": "2021-05-17T10:52:42.729Z", "user": 1, "content_type": 15, "object_id": "40", "object_repr": "test", "action_flag": 3, "change_message": ""}}, {"model": "admin.logentry", "pk": 271, "fields": {"action_time": "2021-05-18T15:39:26.953Z", "user": 1, "content_type": 20, "object_id": "1", "object_repr": "leeap83", "action_flag": 1, "change_message": "[{\"added\": {}}]"}}, {"model": "admin.logentry", "pk": 272, "fields": {"action_time": "2021-05-19T10:56:50.924Z", "user": 1, "content_type": 20, "object_id": "1", "object_repr": "leeap83", "action_flag": 3, "change_message": ""}}, {"model": "admin.logentry", "pk": 273, "fields": {"action_time": "2021-05-19T10:56:50.967Z", "user": 1, "content_type": 20, "object_id": "2", "object_repr": "leeap83", "action_flag": 3, "change_message": ""}}, {"model": "admin.logentry", "pk": 274, "fields": {"action_time": "2021-05-19T10:56:50.992Z", "user": 1, "content_type": 20, "object_id": "3", "object_repr": "Test123", "action_flag": 3, "change_message": ""}}, {"model": "admin.logentry", "pk": 275, "fields": {"action_time": "2021-05-19T10:56:51.016Z", "user": 1, "content_type": 20, "object_id": "4", "object_repr": "Test123", "action_flag": 3, "change_message": ""}}, {"model": "admin.logentry", "pk": 276, "fields": {"action_time": "2021-05-19T10:56:51.052Z", "user": 1, "content_type": 20, "object_id": "6", "object_repr": "leeap83", "action_flag": 3, "change_message": ""}}, {"model": "admin.logentry", "pk": 277, "fields": {"action_time": "2021-05-21T15:34:34.916Z", "user": 1, "content_type": 16, "object_id": "21", "object_repr": "3FE102F5F0A143A38BBC152F00B7D82C", "action_flag": 3, "change_message": ""}}, {"model": "admin.logentry", "pk": 278, "fields": {"action_time": "2021-05-21T15:34:34.952Z", "user": 1, "content_type": 16, "object_id": "20", "object_repr": "5F83F0CE66A84DC9843481C9DC2AD10B", "action_flag": 3, "change_message": ""}}, {"model": "admin.logentry", "pk": 279, "fields": {"action_time": "2021-05-21T15:34:34.985Z", "user": 1, "content_type": 16, "object_id": "19", "object_repr": "0B2D7B56641746058049DF4F649CEAD9", "action_flag": 3, "change_message": ""}}, {"model": "admin.logentry", "pk": 280, "fields": {"action_time": "2021-05-21T15:34:35.017Z", "user": 1, "content_type": 16, "object_id": "18", "object_repr": "469E20C8D7724004AF939E91D9CAA362", "action_flag": 3, "change_message": ""}}, {"model": "admin.logentry", "pk": 281, "fields": {"action_time": "2021-05-21T15:34:35.050Z", "user": 1, "content_type": 16, "object_id": "17", "object_repr": "70E094D492084C759FDB6352BFB17C06", "action_flag": 3, "change_message": ""}}, {"model": "admin.logentry", "pk": 282, "fields": {"action_time": "2021-05-21T15:34:35.073Z", "user": 1, "content_type": 16, "object_id": "16", "object_repr": "D70B6B1CD5E74594BDFE34ABA05680DA", "action_flag": 3, "change_message": ""}}, {"model": "admin.logentry", "pk": 283, "fields": {"action_time": "2021-05-21T15:34:35.106Z", "user": 1, "content_type": 16, "object_id": "14", "object_repr": "893C457EAE694953901DF73D31590D6D", "action_flag": 3, "change_message": ""}}, {"model": "admin.logentry", "pk": 284, "fields": {"action_time": "2021-05-21T15:34:35.129Z", "user": 1, "content_type": 16, "object_id": "11", "object_repr": "69FDDB808DC34EBDBCC1A2E23670F6B4", "action_flag": 3, "change_message": ""}}, {"model": "admin.logentry", "pk": 285, "fields": {"action_time": "2021-05-21T15:34:35.162Z", "user": 1, "content_type": 16, "object_id": "10", "object_repr": "62C4B81387F64B80B93BA6CBBF7B7524", "action_flag": 3, "change_message": ""}}, {"model": "admin.logentry", "pk": 286, "fields": {"action_time": "2021-05-23T11:31:20.634Z", "user": 1, "content_type": 4, "object_id": "3", "object_repr": "Test123", "action_flag": 3, "change_message": ""}}, {"model": "admin.logentry", "pk": 287, "fields": {"action_time": "2021-05-23T11:31:35.007Z", "user": 1, "content_type": 20, "object_id": "7", "object_repr": "leeap83", "action_flag": 3, "change_message": ""}}, {"model": "admin.logentry", "pk": 288, "fields": {"action_time": "2021-05-23T11:31:35.097Z", "user": 1, "content_type": 20, "object_id": "9", "object_repr": "leeap83", "action_flag": 3, "change_message": ""}}, {"model": "admin.logentry", "pk": 289, "fields": {"action_time": "2021-05-26T13:57:46.298Z", "user": 1, "content_type": 18, "object_id": "1", "object_repr": "The Mexican Bandit", "action_flag": 1, "change_message": "[{\"added\": {}}]"}}, {"model": "admin.logentry", "pk": 290, "fields": {"action_time": "2021-05-26T16:11:34.161Z", "user": 1, "content_type": 18, "object_id": "1", "object_repr": "The Mexican Bandit", "action_flag": 2, "change_message": "[]"}}, {"model": "admin.logentry", "pk": 291, "fields": {"action_time": "2021-05-27T09:32:15.817Z", "user": 1, "content_type": 18, "object_id": "2", "object_repr": "Surf & Turf", "action_flag": 3, "change_message": ""}}, {"model": "admin.logentry", "pk": 292, "fields": {"action_time": "2021-05-27T09:55:11.960Z", "user": 1, "content_type": 18, "object_id": "4", "object_repr": "Surf & Turf", "action_flag": 3, "change_message": ""}}, {"model": "admin.logentry", "pk": 293, "fields": {"action_time": "2021-05-27T09:55:11.985Z", "user": 1, "content_type": 18, "object_id": "3", "object_repr": "Surf & Turf", "action_flag": 3, "change_message": ""}}, {"model": "admin.logentry", "pk": 294, "fields": {"action_time": "2021-05-27T10:21:30.860Z", "user": 1, "content_type": 18, "object_id": "6", "object_repr": "Surf & Turf", "action_flag": 3, "change_message": ""}}, {"model": "admin.logentry", "pk": 295, "fields": {"action_time": "2021-05-27T10:21:30.889Z", "user": 1, "content_type": 18, "object_id": "5", "object_repr": "Surf & Turf", "action_flag": 3, "change_message": ""}}, {"model": "admin.logentry", "pk": 296, "fields": {"action_time": "2021-05-27T10:27:53.613Z", "user": 1, "content_type": 18, "object_id": "8", "object_repr": "Surf & Turf", "action_flag": 3, "change_message": ""}}, {"model": "admin.logentry", "pk": 297, "fields": {"action_time": "2021-05-27T10:27:53.648Z", "user": 1, "content_type": 18, "object_id": "7", "object_repr": "Surf & Turf", "action_flag": 3, "change_message": ""}}, {"model": "admin.logentry", "pk": 298, "fields": {"action_time": "2021-05-28T12:36:11.950Z", "user": 1, "content_type": 18, "object_id": "12", "object_repr": "test2", "action_flag": 3, "change_message": ""}}, {"model": "admin.logentry", "pk": 299, "fields": {"action_time": "2021-05-28T12:36:11.979Z", "user": 1, "content_type": 18, "object_id": "11", "object_repr": "test", "action_flag": 3, "change_message": ""}}, {"model": "admin.logentry", "pk": 300, "fields": {"action_time": "2021-05-28T13:45:54.245Z", "user": 1, "content_type": 16, "object_id": "24", "object_repr": "C581837762624D929FC674DB3A72942E", "action_flag": 3, "change_message": ""}}, {"model": "admin.logentry", "pk": 301, "fields": {"action_time": "2021-06-04T10:09:39.072Z", "user": 1, "content_type": 4, "object_id": "4", "object_repr": "katie", "action_flag": 1, "change_message": "[{\"added\": {}}]"}}, {"model": "admin.logentry", "pk": 302, "fields": {"action_time": "2021-06-04T10:10:10.392Z", "user": 1, "content_type": 4, "object_id": "4", "object_repr": "katie", "action_flag": 2, "change_message": "[{\"changed\": {\"fields\": [\"First name\", \"Email address\"]}}]"}}, {"model": "admin.logentry", "pk": 303, "fields": {"action_time": "2021-06-04T10:10:50.338Z", "user": 1, "content_type": 16, "object_id": "2", "object_repr": "234599A5CE414135B20D2E81E22B0D48", "action_flag": 1, "change_message": "[{\"added\": {}}, {\"added\": {\"name\": \"order line item\", \"object\": \"234599A5CE414135B20D2E81E22B0D48\"}}]"}}, {"model": "admin.logentry", "pk": 304, "fields": {"action_time": "2021-06-04T11:57:47.500Z", "user": 1, "content_type": 4, "object_id": "4", "object_repr": "katie", "action_flag": 2, "change_message": "[{\"changed\": {\"fields\": [\"Email address\"]}}]"}}, {"model": "admin.logentry", "pk": 305, "fields": {"action_time": "2021-06-08T08:41:47.527Z", "user": 1, "content_type": 14, "object_id": "14", "object_repr": "Belly Pork", "action_flag": 2, "change_message": "[{\"changed\": {\"fields\": [\"Cat\", \"Cyo\"]}}]"}}, {"model": "admin.logentry", "pk": 306, "fields": {"action_time": "2021-06-08T08:42:10.590Z", "user": 1, "content_type": 14, "object_id": "77", "object_repr": "Chickpea Burger", "action_flag": 2, "change_message": "[{\"changed\": {\"fields\": [\"Name\", \"Cat\", \"Cyo\"]}}]"}}, {"model": "admin.logentry", "pk": 307, "fields": {"action_time": "2021-06-08T14:34:53.146Z", "user": 1, "content_type": 18, "object_id": "13", "object_repr": "The Cowboy", "action_flag": 3, "change_message": ""}}, {"model": "admin.logentry", "pk": 308, "fields": {"action_time": "2021-06-08T14:34:53.179Z", "user": 1, "content_type": 18, "object_id": "10", "object_repr": "Spicy Chicken", "action_flag": 3, "change_message": ""}}, {"model": "admin.logentry", "pk": 309, "fields": {"action_time": "2021-06-08T14:34:53.216Z", "user": 1, "content_type": 18, "object_id": "9", "object_repr": "Surf & Turf", "action_flag": 3, "change_message": ""}}, {"model": "admin.logentry", "pk": 310, "fields": {"action_time": "2021-06-08T14:34:53.246Z", "user": 1, "content_type": 18, "object_id": "1", "object_repr": "The Mexican Bandit", "action_flag": 3, "change_message": ""}}, {"model": "admin.logentry", "pk": 311, "fields": {"action_time": "2021-06-09T08:30:27.129Z", "user": 1, "content_type": 18, "object_id": "14", "object_repr": "Surf & Turf", "action_flag": 3, "change_message": ""}}, {"model": "admin.logentry", "pk": 312, "fields": {"action_time": "2021-06-09T10:46:17.397Z", "user": 1, "content_type": 16, "object_id": "2", "object_repr": "234599A5CE414135B20D2E81E22B0D48", "action_flag": 3, "change_message": ""}}, {"model": "admin.logentry", "pk": 313, "fields": {"action_time": "2021-06-09T10:46:17.434Z", "user": 1, "content_type": 16, "object_id": "1", "object_repr": "2D35B367A4024D88A9E635899C3C9FAB", "action_flag": 3, "change_message": ""}}, {"model": "admin.logentry", "pk": 314, "fields": {"action_time": "2021-06-09T10:46:28.798Z", "user": 1, "content_type": 19, "object_id": "4", "object_repr": "katie Profile", "action_flag": 3, "change_message": ""}}, {"model": "admin.logentry", "pk": 315, "fields": {"action_time": "2021-06-09T11:50:25.111Z", "user": 1, "content_type": 18, "object_id": "1", "object_repr": "Surf & Turf", "action_flag": 3, "change_message": ""}}, {"model": "admin.logentry", "pk": 316, "fields": {"action_time": "2021-06-09T14:46:39.073Z", "user": 1, "content_type": 4, "object_id": "1", "object_repr": "leeap83", "action_flag": 2, "change_message": "[{\"changed\": {\"fields\": [\"password\"]}}]"}}, {"model": "admin.logentry", "pk": 317, "fields": {"action_time": "2021-06-09T15:03:40.643Z", "user": 1, "content_type": 4, "object_id": "5", "object_repr": "admin", "action_flag": 3, "change_message": ""}}, {"model": "admin.logentry", "pk": 318, "fields": {"action_time": "2021-06-09T15:03:40.668Z", "user": 1, "content_type": 4, "object_id": "4", "object_repr": "katie", "action_flag": 3, "change_message": ""}}, {"model": "admin.logentry", "pk": 319, "fields": {"action_time": "2021-06-09T15:03:40.699Z", "user": 1, "content_type": 4, "object_id": "6", "object_repr": "lee", "action_flag": 3, "change_message": ""}}, {"model": "auth.user", "pk": 1, "fields": {"password": "pbkdf2_sha256$260000$MSknwGUGG3Q8d0lK8c7dWb$rJZxElHxi5eEJbr1poq6O2Re+u0w+PYSJZSzUmsQXbc=", "last_login": "2021-06-10T08:37:35.647Z", "is_superuser": true, "username": "leeap83", "first_name": "", "last_name": "", "email": "test@test.com", "is_staff": true, "is_active": true, "date_joined": "2021-04-28T12:21:32.547Z", "groups": [], "user_permissions": []}}, {"model": "auth.user", "pk": 7, "fields": {"password": "pbkdf2_sha256$260000$UQAABdiRMWZHH03KG23dMZ$zApy7vJZGHpWzLjFZHbwMgFj8YvbgYIYiwk8pPn8NRs=", "last_login": null, "is_superuser": true, "username": "leeap", "first_name": "", "last_name": "", "email": "leeap83@gmail.com", "is_staff": true, "is_active": true, "date_joined": "2021-06-09T15:14:48.538Z", "groups": [], "user_permissions": []}}, {"model": "sessions.session", "pk": "1dpix6c4eyjuu0gmvkhzld67rb6rhot4", "fields": {"session_data": ".eJxVjEEOwiAQRe_C2jRQipYu3XsGMsMMFjVgoDUa491tky50-977_y0czNPo5srFRRKDUGL3yxD8ldMq6ALpnBuf01QiNmvSbLY2p0x8O27t38EIdVzWGqXuGIxBJLQBEUiTPEBQ1rZgWhU0kPfMvqW-RamkX2DfIbGxqt-vp5VrjTk5ft5jeYlB7kSFB7uYQhbDVGb-fAFEYEYy:1lhXcT:B1BnP9y2uiBPoKLbWQr8Inlp2k6QZgLuAcYnNrpyZf4", "expire_date": "2021-05-28T13:12:45.820Z"}}, {"model": "sessions.session", "pk": "3akkpdu50i4ypb7bax2j21zoophzxbld", "fields": {"session_data": ".eJxVjEEOwiAURO_CuiHQlkK7dO8ZyOfza1EDBlqjMd5dSbrQzSxm3rwXs7Cti90KZRs8m5hkzW_nAC8U6-DPEE-JY4prDo5XhO9r4cfk6XrY2T_BAmX5vmcch17qsetnFIhaOlfDuKHTqlUKht6L1qNRQhhpSHdKSg8gEYGcEFVaqJSQoqXHLeQnm0TDCtzJhjgnNq15o_cH3l5FFg:1lo4FN:i8HRJr0XuwWCwhPGmmjgdFt9Y_d8S-aSUOs-bCHgdSY", "expire_date": "2021-06-15T13:15:53.442Z"}}, {"model": "sessions.session", "pk": "5jp4f1fz94gkiwf4cuwjn26oppjtj10t", "fields": {"session_data": ".eJxVjUsOgyAQhu_CujGDoKC7ehEywBBJDTaCSZumd680Ltrl__xezOBeZrNn2kz0bGSCXX49i-5GqQa4LNVu0Ll1T6X5ds44N9dDUSrRYYlrms7V39WMea4A7y0EN7Rdx30vABG56INqtdYAoH0nxaCUQKkkd2B5axUOFBBQCxmonmbK-cAYetzj9mQjvD-dRkMS:1liyE2:gEqgraKy3IsUtDGQt9VyXPyvTcNnrUq_pR7mSwIjZPI", "expire_date": "2021-06-01T11:49:26.391Z"}}, {"model": "sessions.session", "pk": "60gav38pvegyt8ijd5pabdq1r0cjoy1h", "fields": {"session_data": ".eJxVjDkOwjAUBe_iGlleYrBT0nOG6G_BAWRLWaoodyeRUkA7M--tqoNlzt0yydgNrFpl1eWXIdBbyiH4BeVZNdUyjwPqI9GnnfSjsnzuZ_t3kGHK-9qj8Y1ACIiMqUcE9mxu0NuUHARnew9MJEKOo0NjDe0wNsgSko3X_ZRgnFW7btsXXS88HQ:1ljO7h:h5de8e7n0miLBU6tvmIRe489lNagqz9JAGk3eYjoByE", "expire_date": "2021-06-02T15:28:37.001Z"}}, {"model": "sessions.session", "pk": "65bdcf9uilolnigliz931tzd5wimzsc2", "fields": {"session_data": ".eJxVjUkKgzAUhu_y1iKZNNFde5HwMmGoxGIitIh3ryku2uU_fjto3Mqkt-xXHR2MwKH59Qzah081wHmudovWLlsq7bdzxbm9ncqnEi2WuKT7tfq7mjBPFeCcIcEOrOuo6zlBRMr7IJlSihCiXCf4ICVHIQW1xFBmJA4-IEHFRfD1NPucT4z2r2dc3zCSBiyuBcYdGIORHscH8PlHcQ:1lhCoo:qjaSjJnTrZYXrcWijAVn3Bp1hhSnyJYBbsRA0qSIMGw", "expire_date": "2021-05-27T15:00:06.687Z"}}, {"model": "sessions.session", "pk": "6woek6cuqwnr6zz0pl8x4318jz87le9g", "fields": {"session_data": ".eJxVjMsOgjAQRf-la9P0QZWydO83NDOdQaqmJRQSjfHfhYSFbs85975FgGUewlJ5ColEJ7Q4_DKEeOe8CbpBvhYZS56nhHJL5G6rvBTix3lv_w4GqMO6tqhsw-AcIqHvEYEsqRP02nsDzujeAsXIHA21BpVWcYVtg8TO6_a4nVauNZUc-Dmm6SU69fkC0NZADg:1ljPVy:vXIw2Mu17nEyjgwGM8-rwxy4074sntbBsPJTb8FEgmc", "expire_date": "2021-06-02T16:57:46.049Z"}}, {"model": "sessions.session", "pk": "7m9kf8xx3nbg5mhchrodhlabgypyne7p", "fields": {"session_data": ".eJxVjMsOgjAQRf-la9P0QZWydO83NDOdQaqmJRQSjfHfhYSFbs85975FgGUewlJ5ColEJ7Q4_DKEeOe8CbpBvhYZS56nhHJL5G6rvBTix3lv_w4GqMO6tqhsw-AcIqHvEYEsqRP02nsDzujeAsXIHA21BpVWcYVtg8TO6_a4nVauNZUc-Dmm6SU69fkC0NZADg:1lbjRj:d-b6pd-9Xa28mL6G63XHSPs95zrPPg9yj1PS92FC6fs", "expire_date": "2021-05-12T12:37:39.465Z"}}, {"model": "sessions.session", "pk": "8utr751uutsy10si52g2awthmry45ayq", "fields": {"session_data": ".eJxVjLkOgzAQRP9la8vygRPbZfp8A9r1LiGHQOKoEP8eI9FQzps3s0HBaYG8gYVsFTjIXoGtwSnwsbJdQYvr0rfrLFP7ZshVvTDC8pXhKPiDw2vUZRyW6U36UPTZzvo5svwep3s56HHu69qT8Y1gCERMqSNC9mzu2NmUHAZnO49cikhxHB0Za0qFsSGWkGy8wf4H4apAkA:1lf6go:fHY-OjOTm-2SsWySt4D0aFHOUm3hWbGh6p4z_p7z-64", "expire_date": "2021-05-21T20:03:10.836Z"}}, {"model": "sessions.session", "pk": "976dwi6z5fi9gdhs1c9tonfeta062qxu", "fields": {"session_data": ".eJxVjMsOgjAQRf-la9P0QZWydO83NDOdQaqmJRQSjfHfhYSFbs85975FgGUewlJ5ColEJ7Q4_DKEeOe8CbpBvhYZS56nhHJL5G6rvBTix3lv_w4GqMO6tqhsw-AcIqHvEYEsqRP02nsDzujeAsXIHA21BpVWcYVtg8TO6_a4nVauNZUc-Dmm6SU69fkC0NZADg:1lj1od:9l_7IPRDSwc9N8eLxxptw14EXQmqPePbNHa8JGOHjtg", "expire_date": "2021-06-01T15:39:27.610Z"}}, {"model": "sessions.session", "pk": "duzvyv7s9b22931dif8qsvtzl3nff0k2", "fields": {"session_data": ".eJxVjEEOwiAURO_CuiHQlkK7dO8ZyOfza1EDBlqjMd5dSbrQzSxm3rwXs7Cti90KZRs8m5hkzW_nAC8U6-DPEE-JY4prDo5XhO9r4cfk6XrY2T_BAmX5vmcch17qsetnFIhaOlfDuKHTqlUKht6L1qNRQhhpSHdKSg8gEYGcEFVaqJSQoqXHLeQnm0TDCtzJhjgnNq15o_cH3l5FFg:1lk7AZ:-TBKIaLBOJs04FFCtLX5fXi4JRp8dMxTvMoOWN_pu2k", "expire_date": "2021-06-04T15:34:35.354Z"}}, {"model": "sessions.session", "pk": "evk3wx6hs0ikxizxcvrb5sijmz4na7en", "fields": {"session_data": ".eJxVjjsOgzAYg--SGUV5kDZh7M4Z0P-i0FYgEZgQd2-QGNrFg_3Z8q462Nah27Is3ciqUVZVvx4CvWU6A37B9Jw1zdO6jKhPRF9p1u3M8nlc7N_AAHkobY_G1wIhIDKmHhHYs7lDb1NyEJztPTCRCDmODo01VMxYI0tINt7KKMGyqmYvDxtbqVj0OL73Cj4Q:1leJ51:PXclC6mGeIOATzhmc8eqZnU9gVQWuUAEZ5oTEqJmz58", "expire_date": "2021-05-19T15:04:51.414Z"}}, {"model": "sessions.session", "pk": "hv5tcnyhbmpuqrftfadbvbojczvqj29p", "fields": {"session_data": ".eJxVjsEOgjAQRP-lZ9MsBYHl6N1vaHbbRaqmJRQSjfHfBcNBL3OYeTOZl7K0zINdskw2eNWpQh1-PSZ3k7gF_krxkrRLcZ4C6w3Re5r1OXm5n3b2b2CgPKxtEGYuoXaAxwoM9IYKX5W1a9lgj2g8mJbAYdESU42wai-GqYEGEb6vsuQcUrTyGMP0VB28P39MPu4:1lqzk4:nrKqi-tfysdDRS10VfI4lwAQMJikH48kphPbOUcr3E4", "expire_date": "2021-06-23T15:03:40.914Z"}}, {"model": "sessions.session", "pk": "lu3nwltoo0ms2e7w1ehd7w22efk7chw5", "fields": {"session_data": ".eJxVjU0OwiAQhe_C2jQwRWi7sxchwzCmxIaaQhON8e5S04Uu39_3XsLhVia3ZV5dDGIQIE6_nke6cdoDnOfdbpBo2VJpvp0jzs2lKk4lEpa4pPFY_aEmzFPlhJ7QewukjcVWM3kjgSx3ZBVZ07bBK6NNAC8BA3Qg8WpUFfasdN_JHZo553rj-HGP61MM8v0Bx7lDOQ:1lgqaU:_nUP7qb1F_cbXqt56l3wVcDvnWMaIwoi7Livw23-0yU", "expire_date": "2021-05-26T15:15:50.045Z"}}, {"model": "sessions.session", "pk": "o1uppti9n6efzxnovnere6kw5gns1len", "fields": {"session_data": ".eJxVj80OgjAQhN9lz4S0_Cj06N1naHa7i1RNa1owGsK7C4kHvX4z8yWzgMV5Gu2cJVnPYEBD8csI3U3CHvAVwyWWLoYpeSr3SvlNc3mOLPfTt_snGDGP27omVTeCbUvE1A9EyDWrIw667ytsKz3UyM6JuIq7ipRWboNdQyxtr7vDLs2Ss4_Byuvh0xuMKiDjU6wPQwQzpVkKcJgmMMt2w-h1_QCACUpe:1ligN5:rHZFWQv8RdN5NNgMkrLQcFSBloiJOD25uQ0x2cC60-Q", "expire_date": "2021-05-31T16:45:35.562Z"}}, {"model": "sessions.session", "pk": "ouht0cqrswhjcg50hybg9ry96khumki6", "fields": {"session_data": ".eJxVjkEOgyAURO_C2hBQEWTZfc9APh-stA00oEkb490riYt2M4uZN5PZiIF1mc1afDbBEU04aX49C_jwsQbuDvGWKKa45GBpReiZFnpNzj8vJ_s3MEOZj_aE49BzOXb9hAxRcmurKDt0UrRCwNA71jpUgjHFlZed4NwBcETwlrE6WnwpIUXj36-QP0SzhiDkhejteK35vn8BTKhDHg:1loPzz:a7ywa6a5fwPBpo4ku5HHwrJ4RYUnakB-u2Rqs5t046w", "expire_date": "2021-06-16T12:29:27.106Z"}}, {"model": "sessions.session", "pk": "uykwaf2k0ea8nft45umjq5ls3l4zxopi", "fields": {"session_data": ".eJxVjsEOgjAQRP-lZ9MsBYHl6N1vaHbbRaqmJRQSjfHfBcNBL3OYeTOZl7K0zINdskw2eNWpQh1-PSZ3k7gF_krxkrRLcZ4C6w3Re5r1OXm5n3b2b2CgPKxtEGYuoXaAxwoM9IYKX5W1a9lgj2g8mJbAYdESU42wai-GqYEGEb6vsuQcUrTyGMP0VB28P39MPu4:1lrGC0:X9Xzmg7hhBFyxH7LPngEoRtmxPFYkXEZHl1EMxPBE5o", "expire_date": "2021-06-24T08:37:36.001Z"}}, {"model": "sessions.session", "pk": "vxq4tk287et94vua3dywse5tkhp770kv", "fields": {"session_data": "eyJfbWVzc2FnZXMiOiJbW1wiX19qc29uX21lc3NhZ2VcIiwgMCwgMjUsIFwiWW91IGhhdmUgc2lnbmVkIG91dC5cIl1dIn0:1lp6jj:89kMcbo5WYrARBZZ-Bw5eVReh0bRWT5-glsg906ugXM", "expire_date": "2021-06-18T10:07:31.214Z"}}, {"model": "sessions.session", "pk": "wf7p5y3rg6tkwa0c75nsg8tiyx7bphkz", "fields": {"session_data": ".eJxVjkEOgyAURO_C2hC-iiDL7nsG8vlgtW0gAezGePdq4qLdzGLmzWQ2ZnGts11LyHbxzDBgza_nkF4hnoF_YnwkTinWvDh-IvxKC78nH963i_0bmLHMR3uicehBjV0_kSBS4Nwp2g2dkq2UOPRetJ60FEKDDqqTAB4RiDA4IY7Rgp9glzglZmpeQ8MIc2VmOy4b2PcvfUlCBQ:1lmcoo:SxVtkyy-qxbm8T_fgHINPJPXhKm70mo5hJ32-nN_NR0", "expire_date": "2021-06-11T13:46:30.503Z"}}, {"model": "sites.site", "pk": 1, "fields": {"domain": "leesburgerkitchen.example.com", "name": "Lee's Burger Kitchen"}}, {"model": "account.emailaddress", "pk": 1, "fields": {"user": 1, "email": "leeap83@gmail.com", "verified": true, "primary": true}}, {"model": "products.category", "pk": 1, "fields": {"name": "bites", "friendly_name": "Bites"}}, {"model": "products.category", "pk": 2, "fields": {"name": "beef_burgers", "friendly_name": "Beef Burgers"}}, {"model": "products.category", "pk": 3, "fields": {"name": "chicken_burgers", "friendly_name": "Chicken Burgers"}}, {"model": "products.category", "pk": 4, "fields": {"name": "vegetarian_burgers", "friendly_name": "Vegetarian Burgers"}}, {"model": "products.category", "pk": 5, "fields": {"name": "fries_sides", "friendly_name": "Fries & Sides"}}, {"model": "products.category", "pk": 6, "fields": {"name": "sauces", "friendly_name": "Sauces"}}, {"model": "products.category", "pk": 7, "fields": {"name": "custom_burger", "friendly_name": "Custom Burger"}}, {"model": "products.product", "pk": 1, "fields": {"category": 1, "name": "Chicken Strips", "description": "Lightly crumbed and seasoned chicken tenders served with any side sauce.", "price": "2.99", "image_url": "https://i.imgur.com/ctRSSMM.jpg?2", "image": "chicken_strips.jpg", "vegetarian": false, "custom": false, "ingredients": [2, 56]}}, {"model": "products.product", "pk": 2, "fields": {"category": 1, "name": "Corn Dogs", "description": "Hotdogs coated in cornmeal batter and fried to give a crispy coating.  Served with any side sauce.", "price": "2.99", "image_url": "https://i.imgur.com/hCSXuhf.jpg?1", "image": "corn_dogs.jpg", "vegetarian": false, "custom": false, "ingredients": [22]}}, {"model": "products.product", "pk": 3, "fields": {"category": 1, "name": "Crispy Prawns", "description": "Prawns coated in our secret blend of herbs and spices and fried to give a crispy coating. Served with any side sauce.", "price": "2.99", "image_url": "https://i.imgur.com/Htye3RQ.jpg?1", "image": "shrimp.jpg", "vegetarian": false, "custom": false, "ingredients": [13, 56]}}, {"model": "products.product", "pk": 4, "fields": {"category": 1, "name": "Halloumi Bites", "description": "Mild & Crispy Halloumi pieces coated in seasoned breadcrumbs for a crisp & tasty finish. Served with any side sauce.", "price": "2.99", "image_url": "https://i.imgur.com/GiLzSAz.jpg?1", "image": "halloumi_fries.jpg", "vegetarian": false, "custom": false, "ingredients": [12, 56]}}, {"model": "products.product", "pk": 5, "fields": {"category": 1, "name": "Piggy Bites", "description": "Crispy Pork Belly bites tossed in a BBQ sauce.", "price": "2.99", "image_url": "https://i.imgur.com/1jqcVem.jpg?1", "image": "piggy_bites.jpg", "vegetarian": false, "custom": false, "ingredients": [14, 58]}}, {"model": "products.product", "pk": 6, "fields": {"category": 1, "name": "Popcorn Chicken", "description": "Chunks of chicken coated in a secret blend of herbs and spices and fried to give crispy coating. served with any side sauce", "price": "2.98", "image_url": "https://i.imgur.com/cwn10V6.jpg?1", "image": "popcorn_chicken.jpg", "vegetarian": false, "custom": false, "ingredients": [2, 56]}}, {"model": "products.product", "pk": 7, "fields": {"category": 1, "name": "Spiced Falafels", "description": "Quinoa & potato falafels served with LBK  hot sauce & jalapeno hummus dip.", "price": "2.99", "image_url": "https://i.imgur.com/kQGBaeO.jpg?1", "image": "spiced_falafel.jpg", "vegetarian": true, "custom": false, "ingredients": [36, 37, 39, 40]}}, {"model": "products.product", "pk": 8, "fields": {"category": 1, "name": "Topped Nachos", "description": "Nachos topped with sour cream, guacamole and a tangy salsa", "price": "2.99", "image_url": "https://i.imgur.com/NDOlFtU.jpg?1", "image": "nachos.jpg", "vegetarian": true, "custom": false, "ingredients": [16, 17, 18, 19]}}, {"model": "products.product", "pk": 9, "fields": {"category": 2, "name": "Classic Beef", "description": "Our signature 6oz beef patty, topped with lettuce, onion, tomato and gherkins.", "price": "5.99", "image_url": "https://i.imgur.com/Cf5s4UZ.jpg?1", "image": "beef.jpg", "vegetarian": false, "custom": false, "ingredients": [3, 5, 6, 8, 67]}}, {"model": "products.product", "pk": 10, "fields": {"category": 2, "name": "Classic Cheese & Bacon", "description": "Signature 6oz beef patty, with smoked bacon and cheese.", "price": "7.99", "image_url": "https://i.imgur.com/9PAZfj4.jpg?3", "image": "burger_BlAAr5Q.jpg", "vegetarian": false, "custom": false, "ingredients": [3, 5, 6, 7, 8, 23, 67]}}, {"model": "products.product", "pk": 11, "fields": {"category": 2, "name": "PB & J", "description": "Signature beef patty topped with crispy onion shoestrings, cheese, peanut butter sauce, and jam jelly.\r\nYour right it sounds NUTS!", "price": "7.99", "image_url": "https://i.imgur.com/Biw8mjM.jpg?2", "image": "pbJ.jpg", "vegetarian": false, "custom": false, "ingredients": [3, 7, 11, 24, 25]}}, {"model": "products.product", "pk": 12, "fields": {"category": 2, "name": "The Boy Blue", "description": "Signature 6oz beef patty, with caramelized onions, mushrooms, and blue cheese. You're my Boy Blue!", "price": "7.99", "image_url": "https://i.imgur.com/YNhhHub.jpg?1", "image": "Blue_VGVc5oZ.jpg", "vegetarian": false, "custom": false, "ingredients": [3, 9, 26, 27, 42]}}, {"model": "products.product", "pk": 13, "fields": {"category": 3, "name": "Chicken Pastrella", "description": "Grilled Chicken Brest topped with pesto and mozzarella.", "price": "7.99", "image_url": "https://i.imgur.com/Rw916kD.jpg?1", "image": "Pastrella.jpg", "vegetarian": false, "custom": false, "ingredients": [5, 28, 29, 32]}}, {"model": "products.product", "pk": 14, "fields": {"category": 3, "name": "Classic Chicken", "description": "Chicken breast coated in our special blend of herbs and spices served with cheese and house slaw.", "price": "5.99", "image_url": "https://i.imgur.com/tqwfkg5.jpg?1", "image": "chicken.jpg", "vegetarian": false, "custom": false, "ingredients": [7, 8, 30, 33, 56]}}, {"model": "products.product", "pk": 15, "fields": {"category": 3, "name": "Katsu Chicken", "description": "Chicken breasted coated in seasoned breadcrumbs and served with a katsu curry sauce.", "price": "7.99", "image_url": "https://i.imgur.com/Pm0tFpG.jpg?1", "image": "katsu_DhAUaO9.jpg", "vegetarian": false, "custom": false, "ingredients": [6, 30, 31, 33, 49]}}, {"model": "products.product", "pk": 16, "fields": {"category": 4, "name": "California Dreaming", "description": "Beetroot patty served with guacamole and a chili sweet potato sauce", "price": "6.99", "image_url": "https://i.imgur.com/gE48ojc.jpg?1", "image": "California_OXuEyZY.jpg", "vegetarian": true, "custom": false, "ingredients": [4, 19, 34, 35]}}, {"model": "products.product", "pk": 17, "fields": {"category": 4, "name": "Falafel Burger", "description": "Quinoa & potato falafels, sriracha sauce, jalapeno hummus, pickled onions, cucumber raita, rocket.", "price": "6.99", "image_url": "https://i.imgur.com/W3B07y6.jpg?1", "image": "Falafel.jpg", "vegetarian": true, "custom": false, "ingredients": [5, 6, 10, 15, 36, 37, 38, 39, 40, 41, 42, 64]}}, {"model": "products.product", "pk": 18, "fields": {"category": 4, "name": "Sweet Cheeks", "description": "Sweet potato patty served with avocado and guacamole.", "price": "6.99", "image_url": "https://i.imgur.com/HXq6pml.jpg?1", "image": "SweetPotatoBurger.jpg", "vegetarian": true, "custom": false, "ingredients": [19, 35, 43]}}, {"model": "products.product", "pk": 19, "fields": {"category": 5, "name": "Cheesy Truffle Fries", "description": "Fries coated in truffle seasoning and parmesan cheese shavings.", "price": "1.99", "image_url": "https://i.imgur.com/1Ie6tY4.jpg?1", "image": "truffle.jpg", "vegetarian": true, "custom": false, "ingredients": [37, 44, 45]}}, {"model": "products.product", "pk": 20, "fields": {"category": 5, "name": "Coleslaw", "description": "chopped cabbage, carrot, onion, mayonnaise, lemon juice, vinegar, and wholegrain mustard.", "price": "1.99", "image_url": "https://i.imgur.com/1mnRZlt.jpg?1", "image": "coleslaw.jpg", "vegetarian": true, "custom": false, "ingredients": [46, 47, 48, 49, 50, 51, 52]}}, {"model": "products.product", "pk": 21, "fields": {"category": 5, "name": "Mac 'n' Cheese", "description": "My mum's classic Mac and cheese recipe.", "price": "1.99", "image_url": "https://i.imgur.com/TWre4Z3.jpg?1", "image": "mac_n_cheese.jpg", "vegetarian": true, "custom": false, "ingredients": [7, 44, 52, 53, 54, 55]}}, {"model": "products.product", "pk": 22, "fields": {"category": 5, "name": "Onion Rings", "description": "Beer battered onion rings", "price": "1.99", "image_url": "https://i.imgur.com/zGSFYBJ.jpg?1", "image": "onionRings.jpg", "vegetarian": true, "custom": false, "ingredients": [10]}}, {"model": "products.product", "pk": 23, "fields": {"category": 5, "name": "Pot of Gold", "description": "Grilled sweetcorn served in a pot topped with chipotle mayonnaise.", "price": "1.99", "image_url": "https://i.imgur.com/NmCH6sw.jpg?1", "image": "corn.jpg", "vegetarian": true, "custom": false, "ingredients": [57, 59]}}, {"model": "products.product", "pk": 24, "fields": {"category": 5, "name": "Simple Green Salad", "description": "Mixed leaves, tomato, cuecumber, toasted seeds, vinaigrette dressing.", "price": "1.00", "image_url": "https://i.imgur.com/sKGrb8z.jpg?1", "image": "GreenSalad.jpg", "vegetarian": true, "custom": false, "ingredients": [5, 6, 15]}}, {"model": "products.product", "pk": 25, "fields": {"category": 5, "name": "Sweet Potato Fries", "description": "Seasoned sweet potato fries.", "price": "1.99", "image_url": "https://i.imgur.com/ZeEZGxU.jpg?1", "image": "sp_fries.jpg", "vegetarian": true, "custom": false, "ingredients": [35, 56]}}, {"model": "products.product", "pk": 26, "fields": {"category": 5, "name": "Skinny fries", "description": "Seasoned fries", "price": "1.99", "image_url": "https://i.imgur.com/sKwah5l.jpg?2", "image": "french-fries.jpg", "vegetarian": true, "custom": false, "ingredients": [37, 56]}}, {"model": "products.product", "pk": 27, "fields": {"category": 6, "name": "BBQ Sauce", "description": "A Sweet & Sticky BBQ Sauce", "price": "0.50", "image_url": "https://i.imgur.com/I3aqvYI.png", "image": "sauces.png", "vegetarian": false, "custom": false, "ingredients": [58]}}, {"model": "products.product", "pk": 28, "fields": {"category": 6, "name": "Baconaise", "description": "Bacon flavored mayo", "price": "0.50", "image_url": "https://i.imgur.com/I3aqvYI.png", "image": "sauces_mNXnpRH.png", "vegetarian": false, "custom": false, "ingredients": [60]}}, {"model": "products.product", "pk": 29, "fields": {"category": 6, "name": "Burger Sauce", "description": "Our Special burger sauces", "price": "0.50", "image_url": "https://i.imgur.com/I3aqvYI.png", "image": "sauces_ZkulHFP.png", "vegetarian": false, "custom": false, "ingredients": [61]}}, {"model": "products.product", "pk": 30, "fields": {"category": 6, "name": "Chipotle Mayo", "description": "Chipotle sauce + mayo = a spicy mayonnaise", "price": "0.50", "image_url": "https://i.imgur.com/I3aqvYI.png", "image": "sauces_IRBFInN.png", "vegetarian": false, "custom": false, "ingredients": [59]}}, {"model": "products.product", "pk": 31, "fields": {"category": 6, "name": "Garlic Mayo", "description": "Smoked garlic blended with mayo, adds a french twist to this sauce but as it's only a subtle hint of Garlic you can still French Kiss and not pong.", "price": "0.50", "image_url": "https://i.imgur.com/I3aqvYI.png", "image": "sauces_Nnr46Vw.png", "vegetarian": false, "custom": false, "ingredients": [62]}}, {"model": "products.product", "pk": 32, "fields": {"category": 6, "name": "Hot Habanero Jam", "description": "Some like it hot, others like it to burn. This Jam has more kick than the Karate Kid.", "price": "0.50", "image_url": "https://i.imgur.com/I3aqvYI.png", "image": "sauces_P2wP0yV.png", "vegetarian": false, "custom": false, "ingredients": [63]}}, {"model": "products.product", "pk": 33, "fields": {"category": 6, "name": "Raita Sauce", "description": "A cool mint and cucumber sauce", "price": "0.50", "image_url": "https://i.imgur.com/I3aqvYI.png", "image": "sauces_wAP608o.png", "vegetarian": false, "custom": false, "ingredients": [64]}}, {"model": "products.product", "pk": 34, "fields": {"category": 6, "name": "Satay", "description": "A smooth nutty sauce", "price": "0.50", "image_url": "https://i.imgur.com/I3aqvYI.png", "image": "sauces_aWWgWFz.png", "vegetarian": false, "custom": false, "ingredients": [65]}}, {"model": "products.product", "pk": 35, "fields": {"category": 6, "name": "Sweet Chilli Sauce", "description": "This is ideal for those who have a sweet tooth but like a little kick", "price": "0.50", "image_url": "https://i.imgur.com/I3aqvYI.png", "image": "sauces_Iq6U976.png", "vegetarian": false, "custom": false, "ingredients": [66]}}, {"model": "products.product", "pk": 36, "fields": {"category": 6, "name": "Tomato Ketchup", "description": "Our take on the traditional tomato ketchup recipe", "price": "0.50", "image_url": "https://i.imgur.com/I3aqvYI.png", "image": "sauces_V4EgWTf.png", "vegetarian": false, "custom": false, "ingredients": [67]}}, {"model": "products.product", "pk": 37, "fields": {"category": 2, "name": "The Red Bus", "description": "The Double Decker. What's better than one burger? Two burgers topped with cheese and bacon.", "price": "8.99", "image_url": "https://i.imgur.com/TJPtRxf.jpg?1", "image": "double_cheese.jpg", "vegetarian": false, "custom": false, "ingredients": [3, 5, 7, 8, 10, 23]}}, {"model": "products.product", "pk": 38, "fields": {"category": 7, "name": "Custom Burger", "description": "Create Your Own Burger", "price": "10.99", "image_url": "https://i.imgur.com/eAhwOdf.jpg?1", "image": "Burger_deconstructed.jpg", "vegetarian": false, "custom": true, "ingredients": []}}, {"model": "products.ingredients", "pk": 2, "fields": {"name": "Chicken", "cat": null}}, {"model": "products.ingredients", "pk": 3, "fields": {"name": "Beef", "cat": "Burger"}}, {"model": "products.ingredients", "pk": 4, "fields": {"name": "Beetroot", "cat": "Burger"}}, {"model": "products.ingredients", "pk": 5, "fields": {"name": "Tomato", "cat": "Salad"}}, {"model": "products.ingredients", "pk": 6, "fields": {"name": "Lettuce", "cat": "Salad"}}, {"model": "products.ingredients", "pk": 7, "fields": {"name": "Cheddar Cheese", "cat": "Cheese"}}, {"model": "products.ingredients", "pk": 8, "fields": {"name": "Gherkins", "cat": "Extras"}}, {"model": "products.ingredients", "pk": 9, "fields": {"name": "Blue Cheese", "cat": "Cheese"}}, {"model": "products.ingredients", "pk": 10, "fields": {"name": "Onions", "cat": "Extras"}}, {"model": "products.ingredients", "pk": 11, "fields": {"name": "Crispy Onions", "cat": "Extras"}}, {"model": "products.ingredients", "pk": 12, "fields": {"name": "Halloumi Cheese", "cat": "Cheese"}}, {"model": "products.ingredients", "pk": 13, "fields": {"name": "Prawns", "cat": "Extras"}}, {"model": "products.ingredients", "pk": 14, "fields": {"name": "Belly Pork", "cat": "Extras"}}, {"model": "products.ingredients", "pk": 15, "fields": {"name": "Cucumber", "cat": "Salad"}}, {"model": "products.ingredients", "pk": 16, "fields": {"name": "Salsa", "cat": "Sauce"}}, {"model": "products.ingredients", "pk": 17, "fields": {"name": "Tortilla Chips", "cat": "Extras"}}, {"model": "products.ingredients", "pk": 18, "fields": {"name": "Sour Cream", "cat": "Sauce"}}, {"model": "products.ingredients", "pk": 19, "fields": {"name": "Guacamole", "cat": "Sauce"}}, {"model": "products.ingredients", "pk": 20, "fields": {"name": "Chickpeas", "cat": null}}, {"model": "products.ingredients", "pk": 21, "fields": {"name": "Garlic", "cat": null}}, {"model": "products.ingredients", "pk": 22, "fields": {"name": "Hot Dogs", "cat": null}}, {"model": "products.ingredients", "pk": 23, "fields": {"name": "Bacon", "cat": "Extras"}}, {"model": "products.ingredients", "pk": 24, "fields": {"name": "Peanut Butter", "cat": "Sauce"}}, {"model": "products.ingredients", "pk": 25, "fields": {"name": "Black pepper Jam", "cat": "Sauce"}}, {"model": "products.ingredients", "pk": 26, "fields": {"name": "Caramelised Onions", "cat": "Extras"}}, {"model": "products.ingredients", "pk": 27, "fields": {"name": "Mushrooms", "cat": "Extras"}}, {"model": "products.ingredients", "pk": 28, "fields": {"name": "Basil Pesto", "cat": "Sauce"}}, {"model": "products.ingredients", "pk": 29, "fields": {"name": "Mozzarella", "cat": "Cheese"}}, {"model": "products.ingredients", "pk": 30, "fields": {"name": "Coleslaw", "cat": "Salad"}}, {"model": "products.ingredients", "pk": 31, "fields": {"name": "Katsu Curry Sauce", "cat": "Sauce"}}, {"model": "products.ingredients", "pk": 32, "fields": {"name": "Grilled Chicken Breast", "cat": "Burger"}}, {"model": "products.ingredients", "pk": 33, "fields": {"name": "Chicken Breast in Breadcrumbs", "cat": "Burger"}}, {"model": "products.ingredients", "pk": 34, "fields": {"name": "Chilli", "cat": "Salad"}}, {"model": "products.ingredients", "pk": 35, "fields": {"name": "Sweet Potato", "cat": "Burger"}}, {"model": "products.ingredients", "pk": 36, "fields": {"name": "Quinoa", "cat": null}}, {"model": "products.ingredients", "pk": 37, "fields": {"name": "Potato", "cat": null}}, {"model": "products.ingredients", "pk": 38, "fields": {"name": "Sriracha Sauce", "cat": "Sauce"}}, {"model": "products.ingredients", "pk": 39, "fields": {"name": "Jalapenos", "cat": "Extras"}}, {"model": "products.ingredients", "pk": 40, "fields": {"name": "Hummus", "cat": null}}, {"model": "products.ingredients", "pk": 41, "fields": {"name": "Raita Sauce", "cat": null}}, {"model": "products.ingredients", "pk": 42, "fields": {"name": "Rocket", "cat": "Salad"}}, {"model": "products.ingredients", "pk": 43, "fields": {"name": "Avocado", "cat": "Salad"}}, {"model": "products.ingredients", "pk": 44, "fields": {"name": "Parmesan Cheese", "cat": "Cheese"}}, {"model": "products.ingredients", "pk": 45, "fields": {"name": "Truffle Seasoning", "cat": null}}, {"model": "products.ingredients", "pk": 46, "fields": {"name": "Red Cabbage", "cat": "Salad"}}, {"model": "products.ingredients", "pk": 47, "fields": {"name": "Shredded Carrots", "cat": "Salad"}}, {"model": "products.ingredients", "pk": 48, "fields": {"name": "Diced Onions", "cat": "Extras"}}, {"model": "products.ingredients", "pk": 49, "fields": {"name": "Mayonnaise", "cat": "Sauce"}}, {"model": "products.ingredients", "pk": 50, "fields": {"name": "Lemon Juice", "cat": null}}, {"model": "products.ingredients", "pk": 51, "fields": {"name": "Vinegar", "cat": null}}, {"model": "products.ingredients", "pk": 52, "fields": {"name": "Mustard", "cat": null}}, {"model": "products.ingredients", "pk": 53, "fields": {"name": "Macaroni Pasta", "cat": "Extras"}}, {"model": "products.ingredients", "pk": 54, "fields": {"name": "Milk", "cat": null}}, {"model": "products.ingredients", "pk": 55, "fields": {"name": "Flour", "cat": null}}, {"model": "products.ingredients", "pk": 56, "fields": {"name": "Secret Herbs & Spices", "cat": null}}, {"model": "products.ingredients", "pk": 57, "fields": {"name": "Sweetcorn", "cat": null}}, {"model": "products.ingredients", "pk": 58, "fields": {"name": "BBQ Sauce", "cat": "Sauce"}}, {"model": "products.ingredients", "pk": 59, "fields": {"name": "Chipotle Mayo", "cat": "Sauce"}}, {"model": "products.ingredients", "pk": 60, "fields": {"name": "Baconaise", "cat": "Sauce"}}, {"model": "products.ingredients", "pk": 61, "fields": {"name": "Burger Sauce", "cat": "Sauce"}}, {"model": "products.ingredients", "pk": 62, "fields": {"name": "Garlic Mayo", "cat": "Sauce"}}, {"model": "products.ingredients", "pk": 63, "fields": {"name": "Hot Habanero Jam", "cat": "Sauce"}}, {"model": "products.ingredients", "pk": 64, "fields": {"name": "Raita Sauce", "cat": "Sauce"}}, {"model": "products.ingredients", "pk": 65, "fields": {"name": "Satay", "cat": "Sauce"}}, {"model": "products.ingredients", "pk": 66, "fields": {"name": "Sweet Chilli Sauce", "cat": "Sauce"}}, {"model": "products.ingredients", "pk": 67, "fields": {"name": "Tomato Ketchup", "cat": "Sauce"}}, {"model": "products.ingredients", "pk": 68, "fields": {"name": "Spinach", "cat": "Salad"}}, {"model": "products.ingredients", "pk": 69, "fields": {"name": "Brioche Bun", "cat": "Bun"}}, {"model": "products.ingredients", "pk": 70, "fields": {"name": "Gluten Free Bun", "cat": "Bun"}}, {"model": "products.ingredients", "pk": 71, "fields": {"name": "Seeded Bun", "cat": "Bun"}}, {"model": "products.ingredients", "pk": 72, "fields": {"name": "No Bun", "cat": "Bun"}}, {"model": "products.ingredients", "pk": 73, "fields": {"name": "Falafel", "cat": "Burger"}}, {"model": "products.ingredients", "pk": 74, "fields": {"name": "American Sliced Cheese", "cat": "Cheese"}}, {"model": "products.ingredients", "pk": 75, "fields": {"name": "Monterey Jack Cheese", "cat": "Cheese"}}, {"model": "products.ingredients", "pk": 76, "fields": {"name": "Onion Rings", "cat": "Extras"}}, {"model": "products.ingredients", "pk": 77, "fields": {"name": "Chickpea Burger", "cat": "Burger"}}]